Rk,Player,Tm,FantPos,Age,G,GS,Cmp,Att,Yds,TD,Int,Att,Yds,Y/A,TD,Tgt,Rec,Yds,Y/R,TD,Fmb,FL,TD,2PM,2PP,FantPt,PPR,DKPt,FDPt,VBD,PosRank,OvRank,pfr_id
1,Christian McCaffrey,SFO,RB,27,14,14,0,0,0,0,0,244,1292,5.30,13,68,57,509,8.93,7,3,2,20,,,296,353.1,361.1,324.6,157,1,1,McCaCh01
2,Tyreek Hill,MIA,WR,29,13,13,0,0,0,0,0,5,15,3.00,0,132,97,1542,15.90,12,1,1,12,,,226,322.7,326.7,274.2,111,1,2,HillTy00
3,Raheem Mostert,MIA,RB,31,14,14,0,0,0,0,0,198,966,4.88,18,31,24,171,7.13,2,4,1,20,,,232,255.7,262.7,243.7,97,2,3,MostRa00
4,CeeDee Lamb,DAL,WR,24,14,14,0,0,0,0,0,10,87,8.70,2,141,103,1306,12.68,8,2,1,10,1,,199,302.3,306.3,250.8,86,2,4,LambCe00
5,Josh Allen,BUF,QB,27,14,14,325,490,3541,26,14,80,398,4.98,11,0,0,0,,0,4,3,11,,3,323,323.4,346.4,337.4,85,1,5,AlleJo02
6,Jalen Hurts,PHI,QB,25,14,14,303,461,3335,19,12,139,542,3.90,14,0,0,0,,0,8,5,14,,,314,313.6,336.6,325.6,76,2,6,HurtJa00
7,Mike Evans,TAM,WR,30,14,14,0,0,0,0,0,0,0,,0,115,66,1077,16.32,11,0,0,11,,,174,239.7,242.7,206.7,62,3,7,EvanMi00
8,Keenan Allen,LAC,WR,31,13,13,1,2,49,1,0,2,6,3.00,0,150,108,1243,11.51,7,2,1,7,,,171,278.9,282.9,224.9,60,5,8,AlleKe00
9,A.J. Brown,PHI,WR,26,14,14,0,0,0,0,0,0,0,,0,141,95,1314,13.83,7,1,1,7,,,171,266.4,270.4,218.9,60,4,9,BrowAJ00
10,Travis Etienne,JAX,RB,24,14,14,0,0,0,0,0,229,837,3.66,9,62,48,411,8.56,1,0,0,10,2,,189,236.8,242.8,212.8,56,3,10,EtieTr00
11,Sam LaPorta,DET,TE,22,14,12,0,0,0,0,0,1,4,4.00,0,98,71,758,10.68,9,0,0,9,2,,134,205.2,208.2,169.7,53,1,11,LaPoSa01
12,Deebo Samuel,SFO,WR,27,12,12,0,1,0,0,0,31,172,5.55,5,69,49,787,16.06,6,1,0,11,,,162,210.9,216.9,186.4,51,6,12,SamuDe00
13,D.J. Moore,CHI,WR,26,14,14,0,0,0,0,0,4,21,5.25,1,111,80,1123,14.04,7,1,1,8,,,160,240.4,244.4,200.4,50,7,13,MoorD.00
14,Amon-Ra St. Brown,DET,WR,24,13,13,0,0,0,0,0,3,13,4.33,0,132,94,1175,12.50,7,1,1,7,,,159,252.8,256.8,205.8,48,8,14,StxxAm00
15,Kyren Williams,LAR,RB,23,10,9,0,0,0,0,0,186,953,5.12,8,46,30,192,6.40,3,3,2,11,1,,179,208.5,216.5,193.5,47,4,15,WillKy02
16,Ja'Marr Chase,CIN,WR,23,14,14,1,1,-7,0,0,3,-6,-2.00,0,132,93,1156,12.43,7,1,0,7,,,157,249.7,252.7,203.2,46,9,16,ChasJa00
17,Rachaad White,TAM,RB,24,14,14,0,0,0,0,0,222,834,3.76,5,55,50,469,9.38,3,2,1,8,,,176,226.3,233.3,201.3,45,5,17,WhitRa01
18,Dak Prescott,DAL,QB,30,14,14,333,484,3639,28,7,48,212,4.42,2,0,0,0,,0,2,1,2,,2,279,278.8,292.8,285.8,43,3,18,PresDa01
19,James Cook,BUF,RB,24,14,10,0,0,0,0,0,188,968,5.15,2,47,40,433,10.83,4,2,1,6,,,174,214.1,221.1,194.1,43,6,19,CookJa01
20,Stefon Diggs,BUF,WR,30,14,14,0,0,0,0,0,0,0,,0,137,91,1041,11.44,8,2,1,8,1,,152,243.1,247.1,197.6,42,10,20,DiggSt00
21,George Kittle,SFO,TE,30,14,14,0,0,0,0,0,1,2,2.00,0,76,55,865,15.73,6,0,0,6,,,123,177.7,180.7,150.2,42,2,21,KittGe00
22,Derrick Henry,TEN,RB,29,14,14,1,2,2,1,0,230,884,3.84,10,34,27,203,7.52,0,0,0,10,,,173,199.8,205.8,186.3,41,7,22,HenrDe00
23,Brock Purdy,SFO,QB,24,14,14,268,384,3795,29,7,37,138,3.73,2,0,0,0,,0,6,2,2,,,276,275.6,290.6,282.6,40,4,23,PurdBr00
24,Travis Kelce,KAN,TE,34,13,13,0,0,0,0,0,0,0,,0,110,85,924,10.87,5,1,1,5,,,120,205.4,209.4,162.9,40,3,24,KelcTr00
25,Joe Mixon,CIN,RB,27,14,14,0,0,0,0,0,211,815,3.86,8,54,45,341,7.58,1,0,0,9,,,170,214.6,220.6,192.1,38,8,25,MixoJo00
26,T.J. Hockenson,MIN,TE,26,14,10,0,0,0,0,0,0,0,,0,123,91,902,9.91,5,1,1,5,,,118,209.2,213.2,163.7,38,4,26,HockTJ00
27,Lamar Jackson,BAL,QB,26,14,14,266,401,3105,17,7,135,741,5.49,5,0,0,0,,0,11,6,5,,1,272,272.3,291.3,279.3,37,5,27,JackLa00
28,Puka Nacua,LAR,WR,22,14,14,0,0,0,0,0,8,54,6.75,0,135,87,1163,13.37,4,1,0,4,,,146,232.7,235.7,189.2,36,11,28,NacuPu00
29,Brandon Aiyuk,SFO,WR,25,13,13,0,0,0,0,0,0,0,,0,86,59,1090,18.47,6,1,1,6,,,143,202.0,206.0,172.5,33,12,29,AiyuBr00
30,Jordan Addison,MIN,WR,21,14,11,0,0,0,0,0,1,2,2.00,0,91,62,824,13.29,9,0,0,9,,,137,198.6,201.6,167.6,27,13,30,AddiJo00
31,Nico Collins,HOU,WR,24,12,7,0,0,0,0,0,0,0,,0,86,60,1004,16.73,6,0,0,6,,,136,196.4,199.4,166.4,27,14,31,CollNi00
32,D.K. Metcalf,SEA,WR,26,13,13,0,0,0,0,0,0,0,,0,99,56,942,16.82,7,0,0,7,,,136,192.2,195.2,164.2,27,15,32,MetcDK00
33,Jahmyr Gibbs,DET,RB,21,12,3,0,0,0,0,0,139,792,5.70,7,60,47,296,6.30,1,1,0,8,,,157,203.8,209.8,180.3,26,9,33,GibbJa01
34,David Montgomery,DET,RB,26,11,11,0,0,0,0,0,178,855,4.80,10,21,14,103,7.36,0,2,1,10,1,,156,169.8,176.8,162.8,25,10,34,MontDa01
35,Michael Pittman Jr.,IND,WR,26,14,13,0,0,0,0,0,0,0,,0,143,99,1062,10.73,4,1,0,4,2,,134,233.2,236.2,183.7,25,16,35,PittMi01
36,Courtland Sutton,DEN,WR,28,14,12,0,0,0,0,0,0,0,,0,85,58,770,13.28,10,3,3,10,,,131,189.0,195.0,160.0,22,17,36,SuttCo00
37,DeVonta Smith,PHI,WR,25,14,14,0,0,0,0,0,0,0,,0,102,74,957,12.93,6,1,1,6,,,130,203.7,207.7,166.7,21,18,37,SmitDe07
38,Alvin Kamara,NOR,RB,28,11,10,0,0,0,0,0,161,630,3.91,5,78,68,446,6.56,1,0,0,6,3,,150,217.6,223.6,183.6,20,11,38,KamaAl00
39,DeAndre Hopkins,TEN,WR,31,14,14,0,0,0,0,0,2,9,4.50,0,116,59,919,15.58,6,0,0,6,,,129,187.8,190.8,158.3,20,19,39,HopkDe00
40,David Njoku,CLE,TE,27,14,14,0,0,0,0,0,0,0,,0,106,69,704,10.20,5,1,1,5,,,98,167.4,171.4,132.9,19,5,40,NjokDa00
41,Bijan Robinson,ATL,RB,21,14,13,0,0,0,0,0,176,801,4.55,4,64,41,323,7.88,3,3,3,7,,,148,189.4,198.4,168.9,18,13,41,RobiBi01
42,Gus Edwards,BAL,RB,28,14,7,0,0,0,0,0,163,663,4.07,11,12,11,141,12.82,0,1,0,11,1,,148,159.4,165.4,153.9,18,12,42,EdwaGu00
43,Davante Adams,LVR,WR,31,14,14,0,0,0,0,0,0,0,,0,140,84,968,11.52,5,0,0,5,,,127,210.8,213.8,168.8,18,20,43,AdamDa01
44,Patrick Mahomes,KAN,QB,28,14,14,353,524,3703,25,13,61,334,5.48,0,0,0,0,,0,3,2,0,,,252,251.5,272.5,264.5,17,6,44,MahoPa00
45,Brian Robinson Jr.,WAS,RB,24,13,13,0,0,0,0,0,160,664,4.15,5,36,29,326,11.24,3,3,1,8,1,,147,176.0,183.0,161.5,17,14,45,RobiBr01
46,Jordan Love,GNB,QB,25,14,14,304,486,3368,25,11,43,234,5.44,2,0,0,0,,0,8,2,2,,2,248,248.1,267.1,259.1,14,7,46,LoveJo03
47,Tony Pollard,DAL,RB,26,14,14,0,0,0,0,0,207,848,4.10,5,61,51,290,5.69,0,3,1,5,1,,144,194.8,201.8,169.3,14,16,47,PollTo00
48,Josh Jacobs,LVR,RB,25,13,13,0,0,0,0,0,233,805,3.45,6,54,37,296,8.00,0,3,1,6,,,144,181.1,188.1,162.6,14,15,48,JacoJo01
49,Kenneth Walker III,SEA,RB,23,12,12,0,0,0,0,0,176,720,4.09,7,31,24,232,9.67,1,0,0,8,,,143,167.2,173.2,155.2,14,17,49,WalkKe00
50,Cole Kmet,CHI,TE,24,14,14,0,0,0,0,0,3,2,0.67,0,81,66,571,8.65,6,1,0,6,,,93,159.3,162.3,126.3,14,6,50,KmetCo00
51,Taysom Hill,NOR,TE,33,13,6,5,9,72,1,0,71,347,4.89,4,34,27,233,8.63,1,1,1,5,,,93,119.9,126.9,106.4,14,7,51,HillTa00
52,Jayden Reed,GNB,WR,23,14,11,0,0,0,0,0,11,119,10.82,2,82,54,592,10.96,6,2,0,8,1,,121,175.1,181.1,148.1,13,22,52,ReedJa03
53,Jaylen Waddle,MIA,WR,25,13,13,0,0,0,0,0,2,10,5.00,0,100,71,964,13.58,4,0,0,4,,,121,192.4,195.4,156.9,13,21,53,WaddJa00
54,Jake Ferguson,DAL,TE,24,14,13,0,0,0,0,0,0,0,,0,82,57,614,10.77,5,0,0,5,,,91,148.4,151.4,119.9,13,8,54,FergJa00
55,Mark Andrews,BAL,TE,28,10,9,0,0,0,0,0,1,0,0.00,0,61,45,544,12.09,6,1,0,6,,,90,135.4,138.4,112.9,12,9,55,AndrMa00
56,Sam Howell,WAS,QB,23,14,14,346,535,3568,19,15,43,265,6.16,5,0,0,0,,0,4,2,5,1,1,245,245.2,268.2,260.2,11,8,56,HoweSa00
57,Isiah Pacheco,KAN,RB,24,12,11,0,0,0,0,0,176,779,4.43,6,38,33,209,6.33,1,0,0,7,,,141,173.8,179.8,157.3,11,18,57,PachIs00
58,Jakobi Meyers,LVR,WR,27,13,13,2,3,12,1,0,3,19,6.33,1,86,59,648,10.98,7,0,0,8,,,119,178.2,181.2,148.7,11,23,58,MeyeJa01
59,Zack Moss,IND,RB,26,13,8,0,0,0,0,0,177,764,4.32,5,37,27,192,7.11,2,0,0,7,1,,140,166.6,172.6,153.1,10,19,59,MossZa00
60,Tank Dell,HOU,WR,24,11,8,0,0,0,0,0,11,51,4.64,0,75,47,709,15.09,7,1,0,7,,,118,165.0,168.0,141.5,10,24,60,DellNa00
61,Evan Engram,JAX,TE,29,14,12,0,0,0,0,0,0,0,,0,109,88,729,8.28,3,2,1,3,,,89,176.9,180.9,132.9,10,10,61,EngrEv00
62,Jared Goff,DET,QB,29,14,14,335,499,3727,26,10,29,21,0.72,2,0,0,0,,0,6,4,2,,2,243,243.2,260.2,253.2,9,9,62,GoffJa00
63,D'Andre Swift,PHI,RB,24,14,13,0,0,0,0,0,196,896,4.57,4,48,38,209,5.50,1,3,1,5,,,139,176.5,183.5,157.5,9,20,63,SwifDA00
64,Saquon Barkley,NYG,RB,26,11,11,0,0,0,0,0,194,797,4.11,3,46,33,206,6.24,4,2,2,7,,,138,171.3,179.3,154.8,9,21,64,BarkSa00
65,C.J. Stroud,HOU,QB,22,13,13,275,441,3631,20,5,35,143,4.09,3,1,1,0,0.00,0,8,4,3,1,,242,242.5,257.5,247.0,8,10,65,StroCJ00
66,Breece Hall,NYJ,RB,22,14,13,0,0,0,0,0,153,637,4.16,2,68,53,441,8.32,3,2,0,5,,,138,190.8,196.8,164.3,8,22,66,HallBr03
67,Chris Olave,NOR,WR,23,13,10,0,0,0,0,0,0,0,,0,116,72,918,12.75,4,0,0,4,,,116,187.8,190.8,151.8,8,25,67,OlavCh00
68,Amari Cooper,CLE,WR,29,14,14,0,0,0,0,0,0,0,,0,113,61,985,16.15,3,2,1,3,,,115,175.5,179.5,145.0,7,27,68,CoopAm00
69,Rashee Rice,KAN,WR,23,14,7,0,0,0,0,0,1,-3,-3.00,0,84,68,754,11.09,7,2,1,7,,,115,183.1,187.1,149.1,7,26,69,RiceRa01
70,Adam Thielen,CAR,WR,33,14,14,0,0,0,0,0,1,6,6.00,0,120,89,870,9.78,4,2,0,4,1,,114,202.6,205.6,158.1,6,29,70,ThieAd00
71,Calvin Ridley,JAX,WR,29,14,14,0,0,0,0,0,8,35,4.38,0,109,60,781,13.02,5,1,0,5,1,,114,173.6,176.6,143.6,6,28,71,RidlCa00
72,Trey McBride,ARI,TE,24,14,9,0,0,0,0,0,0,0,,0,85,66,712,10.79,2,1,0,2,,,83,149.2,152.2,116.2,5,11,72,McBrTr01
73,Trevor Lawrence,JAX,QB,24,14,14,324,492,3525,18,10,63,300,4.76,4,0,0,0,,0,10,6,4,,1,237,237.0,259.0,247.0,3,11,73,LawrTr00
74,Jerome Ford,CLE,RB,24,14,10,0,0,0,0,0,174,718,4.13,3,55,39,238,6.10,3,1,1,6,1,,132,170.6,177.6,151.1,3,23,74,FordJe00
75,Dalton Schultz,HOU,TE,27,12,6,0,0,0,0,0,0,0,,0,66,44,513,11.66,5,1,1,5,,,79,123.3,127.3,101.3,1,12,75,SchuDa00
76,Justin Herbert,LAC,QB,25,13,13,297,456,3134,20,7,52,228,4.38,3,1,1,10,10.00,0,4,1,3,,1,233,234.2,248.2,240.7,,13,76,HerbJu00
77,Russell Wilson,DEN,QB,35,14,14,272,410,2832,24,8,76,321,4.22,3,0,0,0,,0,8,5,3,,,233,233.4,252.4,241.4,,12,77,WilsRu00
78,Baker Mayfield,TAM,QB,28,14,14,296,466,3315,24,8,51,152,2.98,1,0,0,0,,0,8,3,1,,2,232,231.8,248.8,239.8,,15,78,MayfBa00
79,Tua Tagovailoa,MIA,QB,25,14,14,325,458,3921,25,10,30,55,1.83,0,0,0,0,,0,12,5,0,,,232,232.3,250.3,242.3,,14,,TagoTu00
80,Matthew Stafford,LAR,QB,35,13,13,278,453,3320,21,9,19,70,3.68,0,0,0,0,,0,0,0,0,1,1,210,209.8,221.8,218.8,,16,,StafMa00
81,Joshua Dobbs,2TM,QB,28,13,12,262,417,2464,13,10,77,421,5.47,6,0,0,0,,0,14,7,6,2,1,201,200.7,223.7,210.7,,17,,DobbJo00
82,Derek Carr,NOR,QB,32,14,14,302,448,3098,16,7,26,35,1.35,0,0,0,0,,0,6,3,0,,1,173,173.4,186.4,180.4,,18,,CarrDe02
83,Justin Fields,CHI,QB,24,10,10,181,295,1976,14,8,96,488,5.08,2,0,0,0,,0,9,4,2,,,172,171.8,189.8,179.8,,19,,FielJu00
84,Geno Smith,SEA,QB,33,12,12,259,402,2918,15,9,30,92,3.07,1,1,1,-2,-2.00,0,3,2,1,,1,172,172.7,186.7,181.2,,20,,SmitGe00
85,Gardner Minshew II,IND,QB,27,14,10,257,406,2739,14,8,27,57,2.11,3,0,0,0,,0,8,5,3,,1,165,165.3,181.3,173.3,,21,,MinsGa00
86,Desmond Ridder,ATL,QB,24,13,12,224,354,2528,10,10,51,193,3.78,5,1,1,-6,-6.00,0,11,6,5,,2,162,162.8,184.8,172.3,,22,,RiddDe00
87,Kirk Cousins,MIN,QB,35,8,8,216,311,2331,18,5,14,25,1.79,0,0,0,0,,0,7,4,0,,,150,149.7,161.7,154.7,,23,,CousKi00
88,Joe Burrow,CIN,QB,27,10,10,244,365,2309,15,6,31,88,2.84,0,0,0,0,,0,2,1,0,,,147,147.2,157.2,153.2,,24,,BurrJo01
89,De'Von Achane,MIA,RB,22,8,2,0,0,0,0,0,72,613,8.51,7,28,21,155,7.38,2,1,1,9,,,129,149.8,156.8,139.3,,24,,AchaDe00
90,Bryce Young,CAR,QB,22,13,13,262,441,2359,9,9,32,210,6.56,0,0,0,0,,0,9,5,0,1,1,127,127.4,147.4,136.4,,25,,YounBr01
91,Zach Wilson,NYJ,QB,24,12,11,221,368,2271,8,7,36,211,5.86,0,0,0,0,,0,11,7,0,1,1,120,119.9,139.9,126.9,,26,,WilsZa00
92,Austin Ekeler,LAC,RB,28,11,11,0,0,0,0,0,141,506,3.59,5,60,40,373,9.33,1,3,3,6,,,118,157.9,166.9,137.9,,25,,EkelAu00
93,Chuba Hubbard,CAR,RB,24,14,9,0,0,0,0,0,188,731,3.89,4,36,32,190,5.94,0,1,0,4,,,116,148.1,154.1,132.1,,26,,HubbCh01
94,Jaylen Warren,PIT,RB,25,14,0,0,0,0,0,0,119,652,5.48,3,59,47,300,6.38,0,2,1,3,,,111,158.2,165.2,134.7,,27,,WarrJa01
95,Kenny Pickett,PIT,QB,25,12,12,201,324,2070,6,4,42,54,1.29,1,0,0,0,,0,2,0,1,,,110,110.2,117.2,114.2,,27,,PickKe00
96,Devin Singletary,HOU,RB,26,14,7,1,1,6,1,0,167,711,4.26,3,31,23,166,7.22,0,0,0,3,,,110,132.9,138.9,121.4,,28,,SingDe00
97,Najee Harris,PIT,RB,25,14,14,0,0,0,0,0,183,723,3.95,4,33,24,149,6.21,0,2,1,4,,,109,133.2,140.2,121.2,,29,,HarrNa00
98,Terry McLaurin,WAS,WR,28,14,14,0,0,0,0,0,0,0,,0,112,66,835,12.65,3,0,0,4,,,108,173.5,176.5,140.5,,30,,McLaTe00
99,Rhamondre Stevenson,NWE,RB,25,12,12,0,0,0,0,0,156,619,3.97,4,51,38,238,6.26,0,1,1,4,,,108,145.7,152.7,126.7,,30,,StevRh00
100,James Conner,ARI,RB,28,10,10,0,0,0,0,0,143,717,5.01,5,23,17,39,2.29,0,0,0,5,,,106,122.6,125.6,114.1,,31,,ConnJa00
101,Mac Jones,NWE,QB,25,11,11,224,345,2120,10,12,26,96,3.69,0,0,0,0,,0,3,2,0,,,106,106.4,123.4,118.4,,28,,JoneMa05
102,Javonte Williams,DEN,RB,23,13,11,0,0,0,0,0,182,677,3.72,1,43,34,173,5.09,2,0,0,3,1,,105,139.0,145.0,122.0,,32,,WillJa10
103,Will Levis,TEN,QB,24,8,8,147,249,1792,8,4,25,57,2.28,1,0,0,0,,0,6,3,1,,1,103,103.4,113.4,107.4,,29,,LeviWi00
104,Garrett Wilson,NYJ,WR,23,14,14,0,1,0,0,0,2,9,4.50,0,138,79,882,11.16,3,2,2,3,,,103,182.1,187.1,142.6,,31,,WilsGa00
105,George Pickens,PIT,WR,22,14,14,0,0,0,0,0,2,15,7.50,0,91,52,814,15.65,3,1,0,3,,,101,152.9,155.9,126.9,,32,,PickGe00
106,Zay Flowers,BAL,WR,23,14,14,0,0,0,0,0,8,56,7.00,1,92,65,680,10.46,3,0,0,4,1,,100,164.6,167.6,132.1,,33,,FlowZa00
107,Romeo Doubs,GNB,WR,23,14,13,0,0,0,0,0,0,0,,0,84,52,567,10.90,7,0,0,7,,,99,150.7,153.7,124.7,,35,,DoubRo00
108,Chris Godwin,TAM,WR,27,14,14,0,1,0,0,0,2,33,16.50,1,108,68,814,11.97,1,0,0,2,1,,99,166.7,169.7,132.7,,36,,GodwCh00
109,Tyler Lockett,SEA,WR,31,14,14,0,0,0,0,0,0,0,,0,102,68,732,10.76,4,0,0,4,1,,99,167.2,170.2,133.2,,34,,LockTy00
110,Alexander Mattison,MIN,RB,25,13,13,0,0,0,0,0,168,660,3.93,0,41,27,174,6.44,3,3,2,3,,,97,124.4,132.4,110.9,,33,,MattAl01
111,Gabriel Davis,BUF,WR,24,14,14,0,0,0,0,0,1,-2,-2.00,0,70,39,595,15.26,6,1,1,6,1,,95,134.3,138.3,114.8,,37,,DaviGa01
112,Ezekiel Elliott,NWE,RB,28,14,2,0,0,0,0,0,145,522,3.60,2,45,36,247,6.86,1,2,1,3,,,93,128.9,135.9,110.9,,34,,ElliEz00
113,Christian Kirk,JAX,WR,27,12,12,1,2,-1,0,0,1,6,6.00,0,85,57,787,13.81,3,2,2,3,,,93,150.3,155.3,121.8,,38,,KirkCh01
114,Cooper Kupp,LAR,WR,30,10,10,0,0,0,0,0,0,0,,0,77,49,658,13.43,4,0,0,4,1,,92,140.8,143.8,116.3,,39,,KuppCo00
115,Drake London,ATL,WR,22,13,13,1,1,22,0,0,0,0,,0,87,58,769,13.26,2,0,0,2,1,,92,149.8,152.8,120.8,,40,,LondDr00
116,Jake Browning,CIN,QB,27,6,4,106,144,1248,7,3,17,77,4.53,2,1,1,-7,-7.00,0,1,0,2,,,91,91.9,97.9,94.4,,30,,BrowJa08
117,Tommy DeVito,NYG,QB,25,7,5,103,160,1032,8,3,35,190,5.43,1,0,0,0,,0,2,1,1,,,90,90.3,100.3,93.3,,31,,DeViTo00
118,Brandin Cooks,DAL,WR,30,13,12,0,0,0,0,0,3,23,7.67,0,63,41,544,13.27,5,1,0,5,1,,89,129.7,132.7,109.2,,41,,CookBr00
119,Tyler Allgeier,ATL,RB,23,14,3,0,0,0,0,0,166,577,3.48,3,18,13,89,6.85,0,0,0,3,1,,87,99.6,102.6,93.1,,35,,AllgTy00
120,Curtis Samuel,WAS,WR,27,13,10,0,0,0,0,0,4,20,5.00,1,77,56,549,9.80,4,0,0,5,,,87,142.9,145.9,114.9,,42,,SamuCu00
121,Deshaun Watson,CLE,QB,28,6,6,105,171,1115,7,4,26,142,5.46,1,0,0,0,,0,5,2,1,3,,87,86.8,98.8,90.8,,32,,WatsDe00
122,AJ Dillon,GNB,RB,25,13,6,0,0,0,0,0,164,574,3.50,1,28,22,223,10.14,0,0,0,1,,,86,107.7,113.7,96.7,,37,,DillAJ00
123,Kareem Hunt,CLE,RB,28,12,2,0,0,0,0,0,118,369,3.13,7,15,12,74,6.17,0,0,0,7,,,86,98.3,101.3,92.3,,36,,HuntKa00
124,Aidan O'Connell,LVR,QB,25,8,7,154,244,1613,8,7,7,11,1.57,1,0,0,0,,0,4,2,1,,,86,85.6,97.6,92.6,,33,,OConAi00
125,Kyler Murray,ARI,QB,26,5,5,105,169,1075,4,4,29,155,5.34,3,0,0,0,,0,5,0,3,,,85,84.5,94.5,88.5,,34,,MurrKy00
126,Jonathan Taylor,IND,RB,24,7,5,0,0,0,0,0,100,414,4.14,4,19,16,137,8.56,1,0,0,5,,,85,101.1,107.1,93.1,,38,,TaylJo02
127,Marquise Brown,ARI,WR,26,14,14,0,0,0,0,0,2,23,11.50,0,101,51,574,11.25,4,0,0,4,,,84,134.7,137.7,109.2,,44,,BrowMa04
128,Justin Jefferson,MIN,WR,24,7,6,0,1,0,0,0,0,0,,0,66,45,682,15.16,3,1,1,3,,,84,129.2,133.2,106.7,,43,,JeffJu00
129,Josh Reynolds,DET,WR,28,14,10,0,0,0,0,0,0,0,,0,51,33,535,16.21,5,1,1,5,,,82,114.5,118.5,98.0,,46,,ReynJo00
130,Rashid Shaheed,NOR,WR,25,12,5,0,0,0,0,0,6,33,5.50,0,59,36,570,15.83,3,1,1,4,,,82,118.3,122.3,100.3,,45,,ShahRa00
131,D'Onta Foreman,CHI,RB,27,9,8,0,0,0,0,0,109,425,3.90,4,16,11,77,7.00,1,1,0,5,,,80,91.2,94.2,85.7,,39,,ForeDO00
132,Hunter Henry,NWE,TE,29,14,10,0,0,0,0,0,0,0,,0,61,42,419,9.98,6,1,0,6,,,78,119.9,122.9,98.9,,13,,HenrHu00
133,Diontae Johnson,PIT,WR,27,10,10,0,0,0,0,0,0,0,,0,73,41,537,13.10,4,0,0,4,,,78,118.7,121.7,98.2,,47,,JohnDi01
134,Josh Downs,IND,WR,22,14,7,0,0,0,0,0,0,0,,0,84,57,631,11.07,2,0,0,2,,,75,132.1,135.1,103.6,,48,,DownJo00
135,Tee Higgins,CIN,WR,24,10,9,0,0,0,0,0,0,0,,0,66,36,497,13.81,4,0,0,4,,,74,109.7,112.7,91.7,,49,,HiggTe00
136,Tyjae Spears,TEN,RB,22,14,0,0,0,0,0,0,82,388,4.73,1,55,40,288,7.20,0,1,0,1,,,74,113.6,119.6,93.6,,40,,SpeaTy00
137,Anthony Richardson,IND,QB,21,4,4,50,84,577,3,1,25,136,5.44,4,0,0,0,,0,3,1,4,,2,73,72.7,80.7,73.7,,35,,RichAn03
138,Christian Watson,GNB,WR,24,9,9,0,0,0,0,0,4,11,2.75,0,53,28,422,15.07,5,0,0,5,,,73,101.3,104.3,87.3,,50,,WatsCh00
139,Jaxon Smith-Njigba,SEA,WR,21,14,3,0,0,0,0,0,0,0,,0,79,53,541,10.21,3,0,0,3,,,72,125.1,128.1,98.6,,51,,SmitJa06
140,Tutu Atwell,LAR,WR,24,13,13,0,0,0,0,0,4,35,8.75,0,63,37,476,12.86,3,0,0,3,,1,71,108.1,111.1,89.6,,52,,AtweTu00
141,Jahan Dotson,WAS,WR,23,14,13,0,0,0,0,0,0,0,,0,75,45,470,10.44,4,0,0,4,,,71,116.0,119.0,93.5,,53,,DotsJa00
142,Kyle Pitts,ATL,TE,23,14,12,0,0,0,0,0,1,-4,-4.00,0,78,47,586,12.47,2,0,0,2,,,70,117.2,120.2,93.7,,14,,PittKy00
143,Tyler Boyd,CIN,WR,29,14,12,0,1,0,0,1,2,11,5.50,0,87,59,575,9.75,2,0,0,2,,,69,127.6,131.6,99.1,,54,,BoydTy00
144,Odell Beckham Jr.,BAL,WR,31,12,5,0,0,0,0,0,0,0,,0,60,32,519,16.22,3,1,1,3,,,68,99.9,103.9,83.9,,55,,BeckOd00
145,Latavius Murray,BUF,RB,33,14,4,0,0,0,0,0,78,300,3.85,4,21,17,119,7.00,0,1,0,4,,,66,82.9,88.9,74.4,,41,,MurrLa00
146,Cade Otton,TAM,TE,24,14,14,0,0,0,0,0,0,0,,0,57,42,408,9.71,4,1,1,4,1,,65,106.8,110.8,85.8,,15,,OttoCa00
147,Noah Brown,HOU,WR,27,8,5,0,0,0,0,0,1,-1,-1.00,0,46,29,521,17.97,2,0,0,2,,,64,93.0,96.0,78.5,,57,,BrowNo00
148,Rico Dowdle,DAL,RB,25,14,0,0,0,0,0,0,78,311,3.99,2,16,14,90,6.43,2,0,0,4,,,64,78.1,81.1,71.1,,43,,DowdRi01
149,Jimmy Garoppolo,LVR,QB,32,6,6,110,168,1205,7,9,20,39,1.95,0,0,0,0,,0,1,0,0,,1,64,64.1,76.1,73.1,,36,,GaroJi00
150,Jerry Jeudy,DEN,WR,24,13,9,0,0,0,0,0,0,0,,0,70,45,581,12.91,1,1,0,1,,,64,109.1,112.1,86.6,,56,,JeudJe00
151,Aaron Jones,GNB,RB,29,8,8,0,0,0,0,0,79,298,3.77,2,34,23,185,8.04,1,2,1,3,,,64,87.3,94.3,75.8,,42,,JoneAa00
152,Kendrick Bourne,NWE,WR,28,8,5,0,0,0,0,0,1,4,4.00,0,55,37,406,10.97,4,1,1,4,,,63,100.0,104.0,81.5,,58,,BourKe00
153,Zach Charbonnet,SEA,RB,22,13,2,0,0,0,0,0,99,428,4.32,1,31,25,146,5.84,0,0,0,1,,,63,88.4,94.4,75.9,,44,,CharZa00
154,Antonio Gibson,WAS,RB,25,13,1,0,0,0,0,0,50,208,4.16,0,49,42,342,8.14,2,4,2,2,,,63,105.0,113.0,84.0,,45,,GibsAn00
155,Samaje Perine,DEN,RB,28,14,1,0,0,0,0,0,45,219,4.87,1,45,41,389,9.49,0,3,2,1,,,63,103.8,111.8,83.3,,46,,PeriSa00
156,Jaleel McLaughlin,DEN,RB,23,14,2,0,0,0,0,0,58,323,5.57,1,28,24,112,4.67,2,0,0,3,,,62,85.5,91.5,73.5,,47,,McLaJa00
157,Jonnu Smith,ATL,TE,28,14,4,0,1,0,0,0,1,0,0.00,0,57,43,521,12.12,2,1,1,2,,,62,105.1,109.1,83.6,,16,,SmitJo01
158,Keaton Mitchell,BAL,RB,21,8,2,0,0,0,0,0,47,396,8.43,2,11,9,93,10.33,0,0,0,2,,,61,69.9,72.9,65.4,,48,,MitcKe01
159,Dalton Kincaid,BUF,TE,24,13,10,0,0,0,0,0,0,0,,0,74,61,495,8.11,2,1,1,2,,,60,120.5,124.5,90.0,,17,,KincDa00
160,Dameon Pierce,HOU,RB,23,11,7,0,0,0,0,0,134,394,2.94,2,14,11,86,7.82,0,0,0,2,,,60,71.0,74.0,65.5,,49,,PierDa01
161,Dallas Goedert,PHI,TE,28,11,11,0,0,0,0,0,1,1,1.00,0,65,46,470,10.22,2,0,0,2,,,59,105.1,108.1,82.1,,19,,GoedDa00
162,Jerick McKinnon,KAN,RB,31,12,0,1,1,4,1,0,21,60,2.86,1,32,25,192,7.68,4,0,0,5,,,59,84.4,87.4,71.9,,50,,McKiJe00
163,Elijah Moore,CLE,WR,23,14,9,0,0,0,0,0,9,11,1.22,0,94,52,560,10.77,1,2,2,1,,,59,111.1,116.1,85.1,,59,,MoorEl00
164,Josh Palmer,LAC,WR,24,8,4,0,0,0,0,0,0,0,,0,43,27,490,18.15,2,1,1,2,,,59,86.0,90.0,72.5,,60,,PalmJo00
165,Logan Thomas,WAS,TE,32,13,12,0,0,0,0,0,1,2,2.00,0,66,46,431,9.37,3,2,2,3,1,,59,105.3,110.3,82.3,,18,,ThomLo00
166,Ty Chandler,MIN,RB,25,14,1,0,0,0,0,0,72,335,4.65,2,19,16,115,7.19,0,0,0,2,,,57,73.0,79.0,65.0,,51,,ChanTy01
167,Daniel Jones,NYG,QB,26,6,6,108,160,909,2,6,40,206,5.15,1,0,0,0,,0,4,1,1,,,57,57.0,70.0,63.0,,37,,JoneDa05
168,Darius Slayton,NYG,WR,26,14,10,0,0,0,0,0,0,0,,0,63,38,512,13.47,1,0,0,1,,,57,95.2,98.2,76.2,,61,,SlayDa01
169,Nick Westbrook-Ikhine,TEN,WR,26,14,9,0,0,0,0,0,0,0,,0,45,28,370,13.21,3,0,0,3,1,,57,85.0,88.0,71.0,,62,,WestNi00
170,Justice Hill,BAL,RB,26,13,4,0,0,0,0,0,71,313,4.41,3,21,17,85,5.00,0,1,1,3,,,56,72.8,76.8,64.3,,52,,HillJu00
171,K.J. Osborn,MIN,WR,26,13,11,0,0,0,0,0,0,0,,0,64,41,436,10.63,2,1,0,2,,,56,96.6,99.6,76.1,,63,,OsboKJ00
172,Miles Sanders,CAR,RB,26,13,5,0,0,0,0,0,121,401,3.31,1,37,24,137,5.71,0,2,2,1,,,56,79.8,87.8,67.8,,53,,SandMi01
173,Michael Wilson,ARI,WR,23,10,9,0,0,0,0,0,0,0,,0,42,28,435,15.54,2,0,0,2,,,56,83.5,86.5,69.5,,64,,WilsMi02
174,DJ Chark,CAR,WR,27,12,8,0,0,0,0,0,0,0,,0,48,26,363,13.96,3,0,0,3,,,54,80.3,83.3,67.3,,66,,CharDJ00
175,Joshua Kelley,LAC,RB,26,14,3,0,0,0,0,0,102,404,3.96,2,12,8,32,4.00,0,1,1,2,,,54,61.6,65.6,57.6,,54,,KellJo01
176,Rondale Moore,ARI,WR,23,14,6,0,0,0,0,0,24,159,6.63,1,50,31,265,8.55,1,1,0,2,,,54,85.4,91.4,69.9,,65,,MoorRo02
177,Khalil Shakir,BUF,WR,23,14,7,0,0,0,0,0,0,0,,0,32,26,422,16.23,2,1,0,2,,,54,80.2,83.2,67.2,,67,,ShakKh00
178,Dontayvion Wicks,GNB,WR,22,13,4,1,1,14,0,0,1,1,1.00,0,49,31,491,15.84,1,3,1,1,,,54,84.8,88.8,69.3,,68,,WickDo00
179,Tyson Bagent,CHI,QB,23,5,4,94,143,859,3,6,23,109,4.74,2,0,0,0,,0,3,2,2,,,53,53.3,67.3,59.3,,39,,BageTy00
180,Joe Flacco,CLE,QB,38,3,3,77,133,939,7,5,5,-2,-0.40,0,0,0,0,,0,2,1,0,,,53,53.4,62.4,58.4,,38,,FlacJo00
181,Michael Gallup,DAL,WR,27,14,12,0,0,0,0,0,0,0,,0,53,32,414,12.94,2,0,0,2,,,53,85.4,88.4,69.4,,69,,GallMi00
182,Kalif Raymond,DET,WR,29,14,3,0,0,0,0,0,6,67,11.17,0,39,30,399,13.30,1,1,0,1,,,53,82.6,85.6,67.6,,70,,RaymKa00
183,Tyler Conklin,NYJ,TE,28,14,9,0,0,0,0,0,0,0,,0,72,50,524,10.48,0,0,0,0,,,52,102.4,105.4,77.4,,20,,ConkTy00
184,Gerald Everett,LAC,TE,29,12,9,0,0,0,0,0,2,4,2.00,0,52,39,334,8.56,3,3,0,3,,,52,90.8,93.8,71.3,,22,,EverGe00
185,Tyler Higbee,LAR,TE,30,13,13,0,0,0,0,0,0,0,,0,60,38,403,10.61,2,0,0,2,,,52,90.3,93.3,71.3,,21,,HigbTy00
186,Kenneth Gainwell,PHI,RB,24,13,1,0,0,0,0,0,69,256,3.71,2,29,23,130,5.65,0,2,1,2,1,,51,73.6,80.6,62.1,,56,,GainKe00
187,Khalil Herbert,CHI,RB,25,9,6,0,0,0,0,0,82,347,4.23,0,24,15,107,7.13,1,1,1,1,1,,51,66.4,73.4,58.9,,55,,HerbKh00
188,Ryan Tannehill,TEN,QB,35,7,6,98,158,1128,2,6,12,40,3.33,1,0,0,0,,0,3,0,1,,,51,51.1,60.1,57.1,,40,,TannRy00
189,Michael Thomas,NOR,WR,30,10,7,0,0,0,0,0,0,0,,0,64,39,448,11.49,1,0,0,1,,,51,89.8,92.8,70.3,,71,,ThomMi05
190,Nelson Agholor,BAL,WR,30,14,2,0,0,0,0,0,0,0,,0,34,25,314,12.56,3,1,0,3,,,49,74.4,77.4,61.9,,72,,AghoNe00
191,Roschon Johnson,CHI,RB,22,12,0,0,0,0,0,0,60,274,4.57,1,34,28,155,5.54,0,1,0,1,,,49,76.9,82.9,62.9,,57,,JohnRo07
192,Alec Pierce,IND,WR,23,14,14,0,0,0,0,0,0,0,,0,53,28,426,15.21,1,0,0,1,,,49,76.6,79.6,62.6,,74,,PierAl00
193,Wan'Dale Robinson,NYG,WR,22,12,6,0,0,0,0,0,8,63,7.88,0,56,46,369,8.02,1,0,0,1,,,49,95.2,98.2,72.2,,73,,RobiWa01
194,Mitchell Trubisky,PIT,QB,29,5,2,67,107,632,4,5,16,54,3.38,2,0,0,0,,0,1,1,2,,1,49,48.7,57.7,53.7,,41,,TrubMi00
195,Quentin Johnston,LAC,WR,22,14,7,0,0,0,0,0,1,2,2.00,0,51,31,356,11.48,2,0,0,2,,,48,78.8,81.8,63.3,,76,,JohnQu02
196,Darren Waller,NYG,TE,31,9,8,0,0,0,0,0,0,0,,0,57,40,424,10.60,1,0,0,1,,,48,88.4,91.4,68.4,,23,,WallDa01
197,Justin Watson,KAN,WR,27,13,6,0,0,0,0,0,0,0,,0,43,22,381,17.32,2,1,1,2,,,48,70.1,74.1,59.1,,75,,WatsJu01
198,Clyde Edwards-Helaire,KAN,RB,24,13,3,0,0,0,0,0,64,216,3.38,1,17,13,137,10.54,1,0,0,2,,,47,60.3,66.3,53.8,,58,,EdwaCl00
199,Darnell Mooney,CHI,WR,26,14,14,0,0,0,0,0,2,5,2.50,0,57,29,409,14.10,1,0,0,1,,,47,76.4,79.4,61.9,,77,,MoonDa00
200,Emari Demercado,ARI,RB,24,11,2,0,0,0,0,0,56,274,4.89,2,19,13,70,5.38,0,0,0,2,,,46,59.4,62.4,52.9,,59,,DemeEm00
201,KaVontae Turpin,DAL,WR,27,13,0,0,0,0,0,0,9,101,11.22,1,17,11,123,11.18,3,1,0,4,,,46,57.4,63.4,51.9,,78,,TurpKa00
202,Demario Douglas,NWE,WR,23,11,5,0,0,0,0,0,4,29,7.25,0,60,39,443,11.36,0,3,1,0,,,45,84.2,88.2,64.7,,79,,DougDe00
203,Jameson Williams,DET,WR,22,10,8,0,0,0,0,0,2,23,11.50,1,33,17,242,14.24,2,0,0,3,,,45,61.5,64.5,53.0,,80,,WillJa11
204,Royce Freeman,LAR,RB,27,11,0,0,0,0,0,0,73,317,4.34,2,1,0,0,,0,0,0,2,,,44,43.7,46.7,43.7,,60,,FreeRo00
205,Michael Mayer,LVR,TE,22,14,12,0,0,0,0,0,0,0,,0,40,27,304,11.26,2,0,0,2,1,,44,71.4,74.4,57.9,,24,,MayeMi00
206,Donald Parham,LAC,TE,26,13,8,0,0,0,0,0,0,0,,0,35,22,202,9.18,4,0,0,4,,,44,66.2,69.2,55.2,,25,,ParhDo00
207,Marvin Mims,DEN,WR,21,14,5,0,0,0,0,0,8,29,3.63,0,28,18,298,16.56,1,1,1,2,,,43,60.7,64.7,51.7,,81,,MimsMa00
208,Jonathan Mingo,CAR,WR,22,13,12,0,0,0,0,0,0,0,,0,81,40,409,10.23,0,1,0,0,,,41,80.9,83.9,60.9,,83,,MingJo00
209,Tyrod Taylor,NYG,QB,34,8,3,59,91,592,2,0,22,98,4.45,0,0,0,0,,0,2,0,0,,,41,41.5,44.5,41.5,,42,,TaylTy00
210,Robert Woods,HOU,WR,31,12,11,0,0,0,0,0,0,0,,0,65,34,354,10.41,1,0,0,1,,,41,75.4,78.4,58.4,,82,,WoodRo02
211,Noah Gray,KAN,TE,24,14,8,0,0,0,0,0,1,1,1.00,0,31,24,283,11.79,2,0,0,2,,,40,64.4,67.4,52.4,,26,,GrayNo00
212,Isaiah Likely,BAL,TE,23,14,6,0,0,0,0,0,0,0,,0,31,23,282,12.26,2,0,0,2,,,40,63.2,66.2,51.7,,27,,LikeIs00
213,Luke Musgrave,GNB,TE,23,10,9,0,0,0,0,0,0,0,,0,45,33,341,10.33,1,0,0,1,,,40,73.1,76.1,56.6,,28,,MusgLu00
214,Chigoziem Okonkwo,TEN,TE,24,14,9,0,0,0,0,0,2,6,3.00,0,63,43,395,9.19,0,0,0,0,,,40,83.1,86.1,61.6,,29,,OkonCh00
215,Demarcus Robinson,LAR,WR,29,13,1,0,0,0,0,0,1,23,23.00,0,23,14,197,14.07,3,0,0,3,,,40,54.0,57.0,47.0,,85,,RobiDe01
216,Tre Tucker,LVR,WR,22,13,0,0,0,0,0,0,8,61,7.63,0,23,11,220,20.00,2,0,0,2,,,40,51.1,54.1,45.6,,84,,TuckTr00
217,Bailey Zappe,NWE,QB,24,7,3,74,123,719,4,4,8,31,3.88,0,0,0,0,,0,1,0,0,,,40,39.9,46.9,43.9,,43,,ZappBa00
218,Zay Jones,JAX,WR,28,8,6,0,0,0,0,0,0,0,,0,55,28,274,9.79,2,0,0,2,,,39,67.4,70.4,53.4,,86,,JoneZa00
219,Chris Moore,TEN,WR,30,14,4,0,0,0,0,0,2,39,19.50,0,26,17,353,20.76,0,1,0,0,,,39,56.2,59.2,47.7,,87,,MoorCh00
220,Trey Palmer,TAM,WR,22,14,5,0,0,0,0,0,3,22,7.33,0,51,29,249,8.59,2,1,0,2,,,39,68.1,71.1,53.6,,88,,PalmTr00
221,Rashod Bateman,BAL,WR,24,13,9,0,0,0,0,0,1,18,18.00,0,46,27,299,11.07,1,0,0,1,,,38,64.7,67.7,51.2,,89,,BateRa00
222,Pat Freiermuth,PIT,TE,25,9,7,0,0,0,0,0,0,0,,0,41,27,243,9.00,2,0,0,2,1,,38,65.3,68.3,51.8,,30,,FreiPa00
223,Taylor Heinicke,ATL,QB,30,3,2,41,74,498,3,1,9,68,7.56,0,0,0,0,,0,0,0,0,,,37,36.7,40.7,37.7,,44,,HeinTa00
224,Allen Lazard,NYJ,WR,28,13,12,0,0,0,0,0,0,0,,0,48,23,311,13.52,1,0,0,1,,,37,60.1,63.1,48.6,,90,,LazaAl00
225,Jordan Mason,SFO,RB,24,14,0,0,0,0,0,0,32,167,5.22,3,3,2,19,9.50,0,0,0,3,,,37,38.6,41.6,37.6,,61,,MasoJo00
226,Cam Akers,2TM,RB,24,7,1,0,0,0,0,0,60,167,2.78,2,12,11,70,6.36,0,0,0,2,,,36,46.7,49.7,41.2,,62,,AkerCa00
227,Jake Bobo,SEA,WR,25,14,0,0,0,0,0,0,1,3,3.00,1,20,16,175,10.94,2,0,0,3,,,36,51.8,54.8,43.8,,91,,BoboJa00
228,Noah Fant,SEA,TE,26,14,14,0,0,0,0,0,0,0,,0,37,27,355,13.15,0,0,0,0,,,36,62.5,65.5,49.0,,32,,FantNo00
229,Tanner Hudson,CIN,TE,29,9,1,0,0,0,0,0,0,0,,0,39,33,298,9.03,1,0,0,1,,,36,68.8,71.8,52.3,,31,,HudsTa00
230,Adam Trautman,DEN,TE,26,14,10,0,0,0,0,0,0,0,,0,31,20,174,8.70,3,0,0,3,,,35,55.4,58.4,45.4,,33,,TrauAd00
231,Marquez Valdes-Scantling,KAN,WR,29,14,9,0,0,0,0,0,0,0,,0,38,20,312,15.60,1,1,1,1,,,35,55.2,59.2,45.2,,92,,ValdMa00
232,Darrell Henderson,LAR,RB,26,4,4,0,0,0,0,0,46,112,2.43,2,14,10,103,10.30,0,0,0,2,,,34,43.5,49.5,38.5,,63,,HendDa00
233,Isaiah Hodgins,NYG,WR,25,14,8,0,0,0,0,0,0,0,,0,28,17,176,10.35,3,1,1,3,,,34,50.6,54.6,42.1,,94,,HodgIs00
234,Jalin Hyatt,NYG,WR,22,14,5,0,0,0,0,0,0,0,,0,34,19,343,18.05,0,1,0,0,,,34,53.3,56.3,43.8,,93,,HyatJa00
235,Tucker Kraft,GNB,TE,23,14,5,0,0,0,0,0,0,0,,0,25,18,216,12.00,2,0,0,2,,,34,51.6,54.6,42.6,,34,,KrafTu00
236,Kylen Granson,IND,TE,25,12,5,0,0,0,0,0,1,2,2.00,0,39,23,270,11.74,1,0,0,1,,,33,56.2,59.2,44.7,,35,,GranKy00
237,Jauan Jennings,SFO,WR,26,13,2,0,0,0,0,0,0,0,,0,33,19,265,13.95,1,0,0,1,,,33,51.5,54.5,42.0,,97,,JennJa00
238,Skyy Moore,KAN,WR,23,14,8,0,0,0,0,0,3,23,7.67,0,38,21,244,11.62,1,0,0,1,,,33,53.7,56.7,43.2,,95,,MoorSk01
239,Brandon Powell,MIN,WR,28,14,2,0,0,0,0,0,5,17,3.40,0,35,25,269,10.76,1,1,1,1,,,33,57.6,61.6,45.1,,96,,PoweBr00
240,Xavier Gipson,NYJ,WR,22,14,1,0,0,0,0,0,6,44,7.33,1,24,15,191,12.73,0,4,2,2,,,32,46.5,51.5,39.0,,100,,GipsXa00
241,JuJu Smith-Schuster,NWE,WR,27,11,7,0,0,0,0,0,0,0,,0,47,29,260,8.97,1,0,0,1,,,32,61.0,64.0,46.5,,99,,SmitJu00
242,Cedrick Wilson Jr.,MIA,WR,28,12,1,0,0,0,0,0,0,0,,0,26,16,203,12.69,2,0,0,2,,,32,48.3,51.3,40.3,,98,,WilsCe01
243,Mo Alie-Cox,IND,TE,30,14,5,0,0,0,0,0,0,0,,0,14,9,125,13.89,3,0,0,3,,,31,39.5,42.5,35.0,,37,,AlieMo00
244,Juwan Johnson,NOR,TE,27,10,8,0,0,0,0,0,0,0,,0,37,22,190,8.64,2,0,0,2,,,31,53.0,56.0,42.0,,36,,JohnJu02
245,DeVante Parker,NWE,WR,30,10,10,0,0,0,0,0,0,0,,0,44,27,308,11.41,0,0,0,0,,,31,57.8,60.8,44.3,,102,,ParkDe01
246,Mike Williams,LAC,WR,29,3,3,0,0,0,0,0,1,3,3.00,0,26,19,249,13.11,1,0,0,1,,,31,50.2,53.2,40.7,,101,,WillMi07
247,Matt Breida,NYG,RB,28,14,4,0,0,0,0,0,55,151,2.75,1,20,16,85,5.31,0,1,0,1,,,30,45.6,48.6,37.6,,64,,BreiMa00
248,Trenton Irwin,CIN,WR,28,13,4,0,0,0,0,0,0,0,,0,24,18,241,13.39,1,2,0,1,,,30,48.1,51.1,39.1,,104,,IrwiTr00
249,Brandon Johnson,DEN,WR,25,10,2,0,0,0,0,0,0,0,,0,14,8,122,15.25,3,0,0,3,,,30,38.2,41.2,34.2,,103,,JohnBr23
250,Tommy Tremble,CAR,TE,23,13,5,0,0,0,0,0,0,0,,0,21,16,118,7.38,3,0,0,3,,,30,45.8,48.8,37.8,,38,,TremTo00
251,Braxton Berrios,MIA,WR,28,13,1,0,0,0,0,0,1,11,11.00,0,29,23,219,9.52,1,1,0,1,,,29,52.0,55.0,40.5,,105,,BerrBr00
252,Chase Brown,CIN,RB,23,9,0,0,0,0,0,0,26,115,4.42,0,9,9,115,12.78,1,1,0,1,,,29,38.0,44.0,33.5,,65,,BrowCh10
253,Drew Lock,SEA,QB,27,4,2,48,76,543,3,3,5,14,2.80,0,0,0,0,,0,0,0,0,,,29,29.1,35.1,32.1,,45,,LockDr00
254,Calvin Austin,PIT,WR,24,14,1,0,0,0,0,0,9,42,4.67,0,28,17,180,10.59,1,1,0,1,,,28,45.2,48.2,36.7,,106,,AustCa00
255,Jimmy Graham,NOR,TE,37,10,1,0,0,0,0,0,0,0,,0,7,6,39,6.50,4,0,0,4,,,28,33.9,33.9,30.9,,39,,GrahJi00
256,Pierre Strong,CLE,RB,25,14,0,0,0,0,0,0,40,175,4.38,1,6,5,47,9.40,0,0,0,1,,,28,33.2,36.2,30.7,,66,,StroPi00
257,Salvon Ahmed,MIA,RB,25,8,0,0,0,0,0,0,22,61,2.77,1,23,16,88,5.50,1,0,0,2,,,27,42.9,42.9,34.9,,67,,AhmeSa01
258,Andrew Ogletree,IND,TE,25,11,8,0,0,0,0,0,0,0,,0,21,9,147,16.33,2,0,0,2,,,27,35.7,38.7,31.2,,40,,OgleAn00
259,Kadarius Toney,KAN,WR,24,13,2,0,1,0,0,0,11,31,2.82,0,38,27,169,6.26,1,1,0,1,,,26,53.0,56.0,39.5,,108,,ToneKa00
260,Olamide Zaccheaus,PHI,WR,26,14,1,0,0,0,0,0,0,0,,0,15,8,144,18.00,2,0,0,2,,,26,34.4,37.4,30.4,,107,,ZaccOl01
261,Dalvin Cook,NYJ,RB,28,14,1,0,0,0,0,0,67,214,3.19,0,20,15,78,5.20,0,2,2,0,,,25,40.2,45.2,32.7,,68,,CookDa01
262,Zach Ertz,ARI,TE,33,7,7,0,0,0,0,0,0,0,,0,43,27,187,6.93,1,0,0,1,,,25,51.7,54.7,38.2,,42,,ErtzZa00
263,Mike Gesicki,NWE,TE,28,14,7,0,0,0,0,0,0,0,,0,34,22,189,8.59,1,0,0,1,,,25,46.9,49.9,35.9,,41,,GesiMi00
264,Mack Hollins,ATL,WR,30,10,3,0,0,0,0,0,0,0,,0,30,18,251,13.94,0,0,0,0,,,25,43.1,46.1,34.1,,109,,HollMa00
265,D'Ernest Johnson,JAX,RB,27,14,0,0,0,0,0,0,36,107,2.97,0,12,10,140,14.00,0,0,0,0,,,25,34.7,40.7,29.7,,71,,JohnDE04
266,Tony Jones,2TM,RB,26,7,1,0,0,0,0,0,26,95,3.65,2,10,7,37,5.29,0,0,0,2,,,25,32.2,32.2,28.7,,69,,JoneTo04
267,Craig Reynolds,DET,RB,27,14,0,0,0,0,0,0,41,179,4.37,1,5,5,47,9.40,0,2,2,1,,,25,29.6,34.6,27.1,,72,,ReynCr00
268,Jamaal Williams,NOR,RB,28,10,3,0,0,0,0,0,71,214,3.01,0,12,10,36,3.60,0,1,0,0,,,25,35.0,38.0,30.0,,70,,WillJa06
269,Pharaoh Brown,NWE,TE,29,14,8,0,0,0,0,0,0,0,,0,9,9,178,19.78,1,0,0,1,,,24,32.8,35.8,28.3,,45,,BrowPh01
270,Andy Dalton,CAR,QB,36,3,1,34,58,361,2,0,3,12,4.00,0,0,0,0,,0,0,0,0,,,24,23.6,26.6,23.6,,46,,DaltAn00
271,Hayden Hurst,CAR,TE,30,9,8,0,0,0,0,0,0,0,,0,32,18,184,10.22,1,0,0,1,,,24,42.4,45.4,33.4,,43,,HursHa00
272,Colby Parkinson,SEA,TE,24,14,1,0,0,0,0,0,0,0,,0,23,17,184,10.82,1,0,0,1,,,24,41.4,44.4,32.9,,44,,ParkCo02
273,Hunter Renfrow,LVR,WR,28,14,3,0,0,0,0,0,0,0,,0,36,25,255,10.20,0,1,1,0,,,24,48.5,52.5,36.0,,112,,RenfHu00
274,Allen Robinson,PIT,WR,30,14,14,0,0,0,0,0,0,0,,0,44,30,244,8.13,0,0,0,0,,,24,54.4,57.4,39.4,,110,,RobiAl02
275,Jalen Tolbert,DAL,WR,24,14,5,0,0,0,0,0,0,0,,0,30,17,200,11.76,1,1,1,1,,,24,41.0,45.0,32.5,,111,,TolbJa00
276,Dyami Brown,WAS,WR,24,14,1,0,0,0,0,0,1,0,0.00,0,23,12,168,14.00,1,0,0,1,,,23,34.8,37.8,28.8,,113,,BrowDy00
277,Harrison Bryant,CLE,TE,25,14,8,0,0,0,0,0,5,8,1.60,0,16,10,61,6.10,3,1,1,3,,,23,32.9,33.9,27.9,,48,,BryaHa00
278,Darrynton Evans,2TM,RB,25,7,0,0,0,0,0,0,32,121,3.78,1,12,7,49,7.00,0,0,0,1,,,23,30.0,33.0,26.5,,73,,EvanDa02
279,KhaDarel Hodge,ATL,WR,28,14,3,0,0,0,0,0,1,0,0.00,0,19,13,227,17.46,0,1,0,0,,,23,35.7,38.7,29.2,,114,,HodgKh00
280,Brevin Jordan,HOU,TE,23,11,3,0,0,0,0,0,0,0,,0,16,13,173,13.31,1,0,0,1,,,23,36.3,39.3,29.8,,46,,JordBr00
281,Josh Oliver,MIN,TE,26,14,11,0,0,0,0,0,0,0,,0,21,18,132,7.33,2,1,1,2,,,23,41.2,45.2,32.2,,47,,OlivJo00
282,Cordarrelle Patterson,ATL,RB,32,11,0,0,0,0,0,0,38,135,3.55,0,10,7,31,4.43,1,1,0,1,,,23,29.6,32.6,26.1,,74,,PattCo00
283,Durham Smythe,MIA,TE,28,13,12,0,0,0,0,0,0,0,,0,32,24,226,9.42,0,0,0,0,,,23,46.6,49.6,34.6,,49,,SmytDu00
284,Easton Stick,LAC,QB,28,2,1,36,56,436,3,1,2,11,5.50,0,0,0,0,,0,4,3,0,,,23,22.5,29.5,23.5,,47,,SticEa00
285,Ty Johnson,BUF,RB,26,8,0,0,0,0,0,0,24,105,4.38,0,6,6,53,8.83,1,1,0,1,,,22,27.8,30.8,24.8,,75,,JohnTy02
286,Kyle Juszczyk,SFO,FB,32,14,13,0,0,0,0,0,5,6,1.20,0,12,10,91,9.10,2,0,0,2,,,22,31.7,31.7,26.7,,76,,JuszKy00
287,Dawson Knox,BUF,TE,27,9,9,0,0,0,0,0,0,0,,0,31,18,138,7.67,1,0,0,1,1,,22,39.8,42.8,30.8,,51,,KnoxDa00
288,Foster Moreau,NOR,TE,26,12,8,0,0,0,0,0,0,0,,0,21,18,164,9.11,1,0,0,1,,,22,40.4,43.4,31.4,,50,,MoreFo00
289,Drew Sample,CIN,TE,27,14,7,0,0,0,0,0,0,0,,0,18,14,97,6.93,2,0,0,2,,,22,35.7,35.7,28.7,,52,,SampDr00
290,Zamir White,LVR,RB,24,14,1,0,0,0,0,0,37,123,3.32,1,10,9,54,6.00,0,1,1,1,,,22,30.7,34.7,26.2,,77,,WhitZa01
291,Treylon Burks,TEN,WR,23,8,7,0,0,0,0,0,4,21,5.25,0,24,12,185,15.42,0,0,0,0,,,21,32.6,35.6,26.6,,118,,BurkTr00
292,Jamison Crowder,WAS,WR,30,14,0,0,0,0,0,0,0,0,,0,18,15,151,10.07,1,1,0,1,,,21,36.1,39.1,28.6,,117,,CrowJa00
293,Lil'Jordan Humphrey,DEN,WR,25,14,7,0,0,0,0,0,0,0,,0,14,11,93,8.45,2,0,0,2,,,21,32.3,32.3,26.8,,115,,HumpLi01
294,A.T. Perry,NOR,WR,24,7,3,0,0,0,0,0,0,0,,0,12,7,153,21.86,1,0,0,1,,,21,28.3,31.3,24.8,,116,,PerrAT00
295,Jamal Agnew,JAX,WR,28,9,1,0,0,0,0,0,4,-2,-0.50,0,14,11,160,14.55,1,1,1,1,,,20,30.8,34.8,25.3,,122,,AgneJa00
296,Michael Carter,2TM,RB,24,12,0,0,0,0,0,0,19,109,5.74,0,27,22,93,4.23,0,0,0,0,,,20,42.2,45.2,31.2,,78,,CartMi03
297,Greg Dortch,ARI,WR,25,13,1,0,0,0,0,0,1,5,5.00,0,25,13,139,10.69,1,0,0,1,,,20,33.4,36.4,26.9,,119,,DortGr01
298,Deonte Harty,BUF,WR,26,13,1,0,0,0,0,0,4,0,0.00,0,20,14,138,9.86,1,1,0,1,,,20,33.8,36.8,26.8,,123,,HarrDe07
299,Scott Miller,ATL,WR,26,14,0,0,0,0,0,0,0,0,,0,13,8,80,10.00,2,0,0,2,,,20,28.0,28.0,24.0,,120,,MillSc01
300,Nick Mullens,MIN,QB,28,2,1,35,46,386,2,2,6,10,1.67,0,0,0,0,,0,0,0,0,,,20,20.4,25.4,22.4,,48,,MullNi00
301,Dorian Thompson-Robinson,CLE,QB,24,7,3,59,110,434,1,4,13,70,5.38,0,0,0,0,,0,2,0,0,,,20,20.4,27.4,24.4,,49,,ThomDo02
302,P.J. Walker,CLE,QB,28,6,2,54,111,674,1,5,13,30,2.31,0,0,0,0,,0,4,2,0,,,20,20.0,30.0,25.0,,50,,WalkPh00
303,Parker Washington,JAX,WR,21,6,1,0,0,0,0,0,0,0,,0,15,12,100,8.33,2,2,1,2,,,20,32.0,36.0,26.0,,121,,WashPa01
304,Nick Chubb,CLE,RB,28,2,2,0,0,0,0,0,28,170,6.07,0,4,4,21,5.25,0,0,0,0,,,19,23.1,26.1,21.1,,80,,ChubNi00
305,Kendre Miller,NOR,RB,21,7,0,0,0,0,0,0,28,83,2.96,0,10,9,111,12.33,0,0,0,0,,,19,28.4,31.4,23.9,,79,,MillKe01
306,Ameer Abdullah,LVR,RB,30,14,0,0,0,0,0,0,12,74,6.17,0,21,16,105,6.56,0,0,0,0,,,18,33.9,36.9,25.9,,81,,AbduAm00
307,Luke Schoonmaker,DAL,TE,25,14,0,0,0,0,0,0,0,0,,0,14,7,61,8.71,2,0,0,2,,,18,25.1,25.1,21.6,,53,,SchoLu00
308,Deven Thompkins,TAM,WR,24,14,1,0,0,0,0,0,8,56,7.00,0,22,15,82,5.47,1,3,1,1,,,18,32.8,33.8,25.3,,124,,ThomDe07
309,Robbie Chosen,MIA,WR,30,6,0,0,0,0,0,0,0,0,,0,4,3,107,35.67,1,0,0,1,,,17,19.7,22.7,18.2,,127,,AndeRo04
310,Daniel Bellinger,NYG,TE,23,14,12,0,0,0,0,0,0,0,,0,19,17,173,10.18,0,0,0,0,,,17,34.3,37.3,25.8,,54,,BellDa00
311,Tank Bigsby,JAX,RB,22,14,0,0,0,0,0,0,37,84,2.27,2,4,1,6,6.00,0,2,2,2,,,17,18.0,20.0,17.5,,83,,BigsTa00
312,Damien Harris,BUF,RB,26,6,0,0,0,0,0,0,23,94,4.09,1,2,2,16,8.00,0,0,0,1,,,17,19.0,19.0,18.0,,84,,HarrDa06
313,Van Jefferson,2TM,WR,27,14,7,0,0,0,0,0,1,4,4.00,0,32,14,164,11.71,0,0,0,0,,,17,30.8,33.8,23.8,,125,,JeffVa00
314,Chris Rodriguez,WAS,RB,23,12,0,0,0,0,0,0,41,189,4.61,0,1,1,5,5.00,0,1,1,0,,,17,18.4,22.4,17.9,,82,,RodrCh00
315,Cedric Tillman,CLE,WR,23,11,2,0,0,0,0,0,1,8,8.00,0,32,15,160,10.67,0,0,0,0,,,17,31.8,34.8,24.3,,126,,TillCe01
316,Jeff Wilson,MIA,RB,28,7,0,0,0,0,0,0,24,101,4.21,0,12,10,68,6.80,0,0,0,0,,,17,26.9,29.9,21.9,,85,,WilsJe01
317,River Cracraft,MIA,WR,29,8,1,0,0,0,0,0,0,0,,0,10,8,103,12.88,1,0,0,1,,,16,24.3,27.3,20.3,,129,,CracRi00
318,Derius Davis,LAC,WR,23,14,0,0,0,0,0,0,9,74,8.22,0,15,13,42,3.23,0,3,1,1,,,16,28.6,29.6,22.1,,132,,DaviDe02
319,Malik Heath,GNB,WR,23,10,1,0,0,0,0,0,0,0,,0,17,10,103,10.30,1,0,0,1,,,16,26.3,29.3,21.3,,130,,HeatMa00
320,Connor Heyward,PIT,TE,24,14,4,0,1,0,0,0,1,0,0.00,0,32,21,163,7.76,0,0,0,0,,,16,37.3,40.3,26.8,,55,,HeywCo00
321,Andrei Iosivas,CIN,WR,24,13,0,0,0,0,0,0,0,0,,0,10,6,44,7.33,2,0,0,2,,,16,22.4,22.4,19.4,,128,,IosiAn00
322,Tyler Scott,CHI,WR,22,14,3,0,0,0,0,0,7,41,5.86,0,25,14,141,10.07,0,1,1,0,,,16,30.2,34.2,23.2,,131,,ScotTy00
323,Stone Smartt,LAC,TE,25,13,3,0,0,0,0,0,0,0,,0,15,6,95,15.83,1,0,0,1,,,16,21.5,21.5,18.5,,56,,SmarSt00
324,Irv Smith Jr.,CIN,TE,25,12,6,0,0,0,0,0,0,0,,0,26,18,115,6.39,1,1,1,1,,,16,33.5,37.5,24.5,,57,,SmitIr01
325,Patrick Taylor,GNB,RB,25,8,0,0,0,0,0,0,21,107,5.10,0,16,10,50,5.00,0,0,0,0,,,16,25.7,28.7,20.7,,86,,TaylPa01
326,David Bell,CLE,WR,23,12,0,0,0,0,0,0,0,0,,0,14,7,86,12.29,1,0,0,1,,,15,21.6,21.6,18.1,,133,,BellDa02
327,Chase Edmonds,TAM,RB,27,10,0,0,0,0,0,0,32,108,3.38,0,10,8,44,5.50,0,0,0,0,,,15,23.2,26.2,19.2,,87,,EdmoCh00
328,Luke Farrell,JAX,TE,26,14,6,0,0,0,0,0,0,0,,0,14,12,148,12.33,0,0,0,0,,,15,26.8,29.8,20.8,,63,,FarrLu00
329,Elijah Higgins,ARI,TE,23,8,1,0,0,0,0,0,0,0,,0,12,8,93,11.63,1,0,0,1,,,15,23.3,23.3,19.3,,60,,HiggEl00
330,Austin Hooper,LVR,TE,29,14,6,0,0,0,0,0,0,0,,0,20,16,154,9.63,0,0,0,0,,,15,31.4,34.4,23.4,,58,,HoopAu00
331,John Metchie,HOU,WR,23,13,0,0,0,0,0,0,0,0,,0,22,14,145,10.36,0,0,0,0,,,15,28.5,31.5,21.5,,135,,MetcJo00
332,Elijah Mitchell,SFO,RB,25,9,0,0,0,0,0,0,44,149,3.39,0,6,4,-1,-0.25,0,0,0,0,,,15,18.8,21.8,16.8,,88,,MitcEl00
333,Kyle Philips,TEN,WR,24,8,0,0,0,0,0,0,0,0,,0,19,13,166,12.77,0,1,1,0,,,15,27.6,31.6,21.1,,134,,PhilKy01
334,Jeremy Ruckert,NYJ,TE,23,14,6,0,0,0,0,0,0,0,,0,22,16,151,9.44,0,0,0,0,,,15,31.1,34.1,23.1,,61,,RuckJe00
335,Josh Whyle,TEN,TE,24,11,3,0,0,0,0,0,0,0,,0,15,9,94,10.44,1,0,0,1,,,15,24.4,24.4,19.9,,59,,WhylJo01
336,Brock Wright,DET,TE,25,14,4,0,0,0,0,0,0,0,,0,14,13,91,7.00,1,0,0,1,,,15,28.1,28.1,21.6,,62,,WrigBr01
337,Andrew Beck,HOU,FB,27,13,11,0,0,0,0,0,5,3,0.60,1,9,7,40,5.71,0,1,1,2,,,14,21.3,22.3,17.8,,89,,BeckAn01
338,Jacoby Brissett,WAS,QB,31,2,0,8,10,124,2,0,2,9,4.50,0,0,0,0,,0,0,0,0,,,14,13.9,13.9,13.9,,51,,BrisJa00
339,Jalen Guyton,LAC,WR,26,6,3,0,0,0,0,0,0,0,,0,19,9,77,8.56,1,0,0,1,,,14,22.7,22.7,18.2,,138,,GuytJa01
340,Will Mallory,IND,TE,24,9,1,0,0,0,0,0,0,0,,0,20,13,141,10.85,0,0,0,0,,,14,27.1,30.1,20.6,,64,,MallWi00
341,Ray-Ray McCloud,SFO,WR,27,11,1,0,0,0,0,0,2,23,11.50,0,11,9,113,12.56,0,1,0,0,,,14,22.6,25.6,18.1,,139,,McClRa00
342,David Moore,TAM,WR,28,4,0,0,0,0,0,0,0,0,,0,4,3,79,26.33,1,0,0,1,,,14,16.9,16.9,15.4,,137,,MoorDa03
343,Byron Pringle,WAS,WR,30,14,1,0,0,0,0,0,0,0,,0,19,14,161,11.50,0,1,1,0,,,14,28.1,32.1,21.1,,136,,PrinBy00
344,MyCole Pruitt,ATL,TE,31,14,8,0,0,0,0,0,0,0,,0,10,7,79,11.29,1,1,0,1,,,14,20.9,20.9,17.4,,65,,PruiMy00
345,Davis Allen,LAR,TE,22,12,0,0,0,0,0,0,0,0,,0,7,6,70,11.67,1,0,0,1,,,13,19.0,19.0,16.0,,67,,AlleDa02
346,John Bates,WAS,TE,26,14,4,0,0,0,0,0,0,0,,0,21,15,131,8.73,0,0,0,0,,,13,28.1,31.1,20.6,,66,,BateJo00
347,Chase Claypool,2TM,WR,25,9,2,0,0,0,0,0,0,0,,0,18,7,74,10.57,1,0,0,1,,,13,20.4,20.4,16.9,,140,,ClayCh01
348,Alex Erickson,LAC,WR,31,5,2,0,0,0,0,0,0,0,,0,14,5,74,14.80,1,0,0,1,,,13,18.4,18.4,15.9,,141,,EricAl01
349,Terrace Marshall Jr.,CAR,WR,23,8,3,0,0,0,0,0,0,0,,0,32,18,134,7.44,0,1,0,0,,,13,31.4,34.4,22.4,,142,,MarsTe00
350,Boston Scott,PHI,RB,28,12,0,0,0,0,0,0,16,78,4.88,0,5,4,52,13.00,0,0,0,0,,,13,17.0,17.0,15.0,,90,,ScotBo02
351,Trey Sermon,IND,RB,24,12,0,0,0,0,0,0,28,125,4.46,0,4,1,4,4.00,0,0,0,0,,,13,13.9,16.9,13.4,,91,,SermTr00
352,Randall Cobb,NYJ,WR,33,9,1,0,0,0,0,0,0,0,,0,16,4,35,8.75,1,0,0,1,1,,12,15.5,15.5,13.5,,145,,CobbRa00
353,Will Dissly,SEA,TE,27,13,11,0,0,0,0,0,0,0,,0,18,13,120,9.23,0,0,0,0,,,12,25.0,28.0,18.5,,68,,DissWi00
354,Donovan Peoples-Jones,2TM,WR,24,12,5,0,0,0,0,0,0,0,,0,22,10,119,11.90,0,1,0,0,,,12,21.9,24.9,16.9,,143,,PeopDo00
355,Laviska Shenault Jr.,CAR,WR,25,8,0,0,0,0,0,0,12,55,4.58,0,10,10,60,6.00,0,1,0,0,,,12,21.5,21.5,16.5,,146,,ShenLa00
356,Ihmir Smith-Marsette,CAR,WR,24,14,0,0,0,0,0,0,5,41,8.20,0,4,3,15,5.00,0,2,0,1,,,12,14.6,14.6,13.1,,144,,SmitIh00
357,Isaiah Spiller,LAC,RB,22,7,0,0,0,0,0,0,34,96,2.82,0,3,3,20,6.67,0,0,0,0,,,12,14.6,14.6,13.1,,92,,SpilIs00
358,Cole Turner,WAS,TE,23,11,1,0,0,0,0,0,0,0,,0,15,11,120,10.91,0,0,0,0,,,12,23.0,26.0,17.5,,69,,TurnCo00
359,C.J. Uzomah,NYJ,TE,30,12,8,0,0,0,0,0,0,0,,0,12,8,58,7.25,1,0,0,1,,,12,19.8,19.8,15.8,,70,,UzomC.00
360,Jameis Winston,NOR,QB,29,6,0,25,47,264,2,3,5,-6,-1.20,0,0,0,0,,0,0,0,0,,,12,12.0,15.0,15.0,,52,,WinsJa00
361,Ronnie Bell,SFO,WR,23,14,0,0,0,0,0,0,0,0,,0,6,4,51,12.75,1,1,0,1,,,11,15.1,15.1,13.1,,148,,BellRo01
362,Lynn Bowden Jr.,NOR,WR,26,12,2,0,0,0,0,0,4,34,8.50,0,14,9,72,8.00,0,0,0,0,,,11,19.6,19.6,15.1,,151,,BowdLy00
363,Tim Boyle,NYJ,QB,29,3,2,48,77,360,1,4,4,5,1.25,0,0,0,0,,0,2,0,0,,,11,10.9,17.9,14.9,,54,,BoylTi00
364,Xavier Hutchinson,HOU,WR,23,13,0,0,0,0,0,0,5,49,9.80,0,10,4,58,14.50,0,0,0,0,,,11,14.7,14.7,12.7,,150,,HutcXa00
365,Case Keenum,HOU,QB,35,1,1,23,36,229,1,1,2,1,0.50,0,0,0,0,,0,1,0,0,,,11,11.3,12.3,12.3,,53,,KeenCa00
366,D.J. Montgomery,IND,WR,27,4,0,0,0,0,0,0,0,0,,0,4,2,48,24.00,1,0,0,1,,,11,12.8,12.8,11.8,,149,,MontDJ01
367,Ben Skowronek,LAR,WR,26,14,0,0,0,0,0,0,2,9,4.50,0,10,6,44,7.33,1,0,0,1,,,11,17.3,17.3,14.3,,147,,SkowBe00
368,Emanuel Wilson,GNB,RB,24,7,0,0,0,0,0,0,14,85,6.07,0,5,4,23,5.75,0,1,0,0,,,11,14.8,14.8,12.8,,93,,WilsEm00
369,Lawrence Cager,NYG,TE,26,11,0,0,0,0,0,0,0,0,,0,5,4,36,9.00,1,0,0,1,,,10,13.6,13.6,11.6,,72,,CageLa01
370,Parris Campbell,NYG,WR,26,12,3,0,0,0,0,0,0,0,,0,27,20,104,5.20,0,0,0,0,,,10,30.4,33.4,20.4,,152,,CampPa00
371,J.K. Dobbins,BAL,RB,25,1,1,0,0,0,0,0,8,22,2.75,1,3,2,15,7.50,0,0,0,1,,,10,11.7,11.7,10.7,,96,,DobbJK00
372,Marquise Goodwin,CLE,WR,33,10,0,0,0,0,0,0,4,33,8.25,0,12,4,67,16.75,0,0,0,0,,,10,14.0,14.0,12.0,,154,,GoodMa00
373,Melvin Gordon,BAL,RB,30,2,0,0,0,0,0,0,13,53,4.08,0,3,3,46,15.33,0,0,0,0,,,10,12.9,12.9,11.4,,95,,GordMe00
374,Keaontay Ingram,ARI,RB,24,8,1,0,0,0,0,0,35,74,2.11,0,4,4,26,6.50,0,0,0,0,,,10,14.0,14.0,12.0,,94,,IngrKe01
375,Stephen Sullivan,CAR,TE,27,8,0,0,0,0,0,0,0,0,,0,15,9,104,11.56,0,0,0,0,,,10,19.4,22.4,14.9,,71,,SullSt00
376,Tyquan Thornton,NWE,WR,23,7,3,0,0,0,0,0,2,42,21.00,0,19,9,56,6.22,0,0,0,0,,,10,18.8,18.8,14.3,,155,,ThorTy00
377,Samori Toure,GNB,WR,25,9,0,0,0,0,0,0,0,0,,0,15,7,84,12.00,0,0,0,0,1,,10,17.4,17.4,13.9,,153,,TourSa00
378,Raheem Blackshear,CAR,RB,24,9,0,0,0,0,0,0,13,40,3.08,0,7,6,45,7.50,0,0,0,0,,,9,14.5,14.5,11.5,,101,,BlacRa00
379,Brandon Bolden,LVR,RB,33,14,0,0,0,0,0,0,2,25,12.50,1,0,0,0,,0,0,0,1,,,9,8.5,8.5,8.5,,102,,BoldBr00
380,Chris Brooks,MIA,RB,23,6,0,0,0,0,0,0,15,94,6.27,0,0,0,0,,0,0,0,0,,,9,9.4,9.4,9.4,,97,,BrooCh00
381,Tyler Goodson,IND,RB,23,3,0,0,0,0,0,0,11,69,6.27,0,5,5,19,3.80,0,0,0,0,,,9,13.8,13.8,11.3,,99,,GoodTy00
382,Kevin Harris,NWE,RB,23,1,0,0,0,0,0,0,4,25,6.25,1,0,0,0,,0,0,0,1,,,9,8.5,8.5,8.5,,103,,HarrKe01
383,Alec Ingold,MIA,FB,27,14,11,0,0,0,0,0,2,0,0.00,0,12,10,89,8.90,0,0,0,0,,,9,18.9,18.9,13.9,,98,,IngoAl01
384,Keith Kirkwood,NOR,WR,29,11,4,0,0,0,0,0,0,0,,0,8,4,28,7.00,1,0,0,1,,,9,12.8,12.8,10.8,,156,,KirkKe00
385,Hunter Luepke,DAL,RB,23,14,0,0,0,0,0,0,4,16,4.00,1,3,2,10,5.00,0,0,0,1,,,9,10.6,10.6,9.6,,100,,LuepHu00
386,Quintin Morris,BUF,TE,24,12,0,0,0,0,0,0,0,0,,0,3,2,26,13.00,1,0,0,1,,,9,10.6,10.6,9.6,,75,,MorrQu00
387,Brenton Strange,JAX,TE,23,11,2,0,0,0,0,0,0,0,,0,7,4,34,8.50,1,0,0,1,,,9,13.4,13.4,11.4,,73,,StraBr00
388,Geoff Swaim,ARI,TE,30,14,8,0,0,0,0,0,0,0,,0,11,10,94,9.40,0,0,0,0,,,9,19.4,19.4,14.4,,74,,SwaiGe00
389,Nick Bawden,NYJ,FB,27,14,2,0,0,0,0,0,2,4,2.00,1,2,2,13,6.50,0,0,0,1,,,8,9.7,9.7,8.7,,105,,BawdNi00
390,Charlie Jones,CIN,WR,25,8,0,0,0,0,0,0,0,0,,0,5,3,16,5.33,0,0,0,1,,,8,10.6,10.6,9.1,,159,,JoneCh11
391,Julio Jones,PHI,WR,34,8,3,0,0,0,0,0,0,0,,0,9,6,22,3.67,1,0,0,1,,,8,14.2,14.2,11.2,,157,,JoneJu02
392,Dare Ogunbowale,HOU,RB,29,9,0,0,0,0,0,0,6,29,4.83,0,4,2,18,9.00,0,0,0,0,,,8,9.7,6.7,8.7,,106,,OgunDa00
393,Ronnie Rivers,LAR,RB,24,6,0,0,0,0,0,0,13,57,4.38,0,4,4,18,4.50,0,0,0,0,,,8,11.5,11.5,9.5,,107,,RiveRo01
394,Sterling Shepard,NYG,WR,30,12,2,0,0,0,0,0,0,0,,0,16,7,39,5.57,1,1,1,1,,,8,14.9,15.9,11.4,,158,,ShepSt00
395,Ben Sims,GNB,TE,23,14,0,0,0,0,0,0,0,0,,0,5,3,15,5.00,1,0,0,1,,,8,10.5,10.5,9.0,,76,,SimsBe00
396,Trayveon Williams,CIN,RB,26,14,0,0,0,0,0,0,13,69,5.31,0,9,7,10,1.43,0,0,0,0,,,8,14.9,14.9,11.4,,104,,WillTr06
397,Gary Brightwell,NYG,RB,24,7,0,0,0,0,0,0,9,19,2.11,0,7,5,47,9.40,0,0,0,0,,,7,11.6,11.6,9.1,,109,,BrigGa00
398,Josiah Deguara,GNB,TE,26,12,4,0,0,0,0,0,0,0,,0,8,8,65,8.13,0,0,0,0,,,7,14.5,14.5,10.5,,77,,DeguJo00
399,Simi Fehoko,LAC,WR,26,6,0,0,0,0,0,0,0,0,,0,2,1,9,9.00,1,0,0,1,,,7,7.9,7.9,7.4,,160,,FehoSi00
400,Tyler Huntley,BAL,QB,25,3,0,5,8,38,1,0,6,16,2.67,0,0,0,0,,0,0,0,0,,,7,7.1,7.1,7.1,,56,,HuntTy01
401,Velus Jones Jr.,CHI,WR,26,11,0,0,0,0,0,0,6,45,7.50,0,6,4,20,5.00,0,0,0,0,,,7,10.5,10.5,8.5,,161,,JoneVe00
402,Clayton Tune,ARI,QB,24,5,1,12,21,62,0,2,7,29,4.14,1,0,0,0,,0,2,1,1,1,,7,7.4,10.4,9.4,,55,,TuneCl00
403,Deuce Vaughn,DAL,RB,22,6,0,0,0,0,0,0,21,38,1.81,0,6,6,30,5.00,0,0,0,0,,,7,12.8,12.8,9.8,,108,,VaugDe00
404,Jordan Akins,CLE,TE,31,14,4,0,0,0,0,0,0,0,,0,14,9,62,6.89,0,0,0,0,,,6,15.2,15.2,10.7,,78,,AkinJo00
405,Blake Bell,KAN,TE,32,14,2,0,0,0,0,0,0,0,,0,6,3,19,6.33,1,1,1,1,,,6,8.9,9.9,7.4,,80,,BellBl00
406,Mike Boone,HOU,RB,28,9,0,0,0,0,0,0,5,23,4.60,0,9,7,40,5.71,0,1,0,0,,,6,13.3,13.3,9.8,,110,,BoonMi00
407,Jalen Brooks,DAL,WR,23,5,0,0,0,0,0,0,0,0,,0,5,5,63,12.60,0,0,0,0,,,6,11.3,11.3,8.8,,162,,BrooJa03
408,Rakim Jarrett,TAM,WR,22,10,0,0,0,0,0,0,1,0,0.00,0,9,4,60,15.00,0,0,0,0,,,6,10.0,10.0,8.0,,164,,JarrRa00
409,Ko Kieft,TAM,TE,25,14,6,0,0,0,0,0,0,0,,0,5,1,2,2.00,1,0,0,1,,,6,7.2,7.2,6.7,,79,,KiefKo00
410,Isaiah McKenzie,IND,WR,28,13,2,0,0,0,0,0,3,14,4.67,0,14,11,82,7.45,0,3,2,0,,,6,16.6,18.6,11.1,,166,,McKeIs00
411,Trent Sherfield,BUF,WR,27,14,1,0,0,0,0,0,0,0,,0,15,8,62,7.75,0,0,0,0,,,6,14.2,14.2,10.2,,163,,SherTr00
412,Robert Tonyan,CHI,TE,29,14,5,0,0,0,0,0,0,0,,0,11,7,58,8.29,0,0,0,0,,,6,12.8,12.8,9.3,,81,,TonyRo00
413,Tylan Wallace,BAL,WR,24,8,0,0,0,0,0,0,0,0,,0,0,0,0,,0,0,0,1,,,6,6.0,6.0,6.0,,165,,WallTy00
414,Damien Williams,ARI,RB,31,3,0,0,0,0,0,0,11,43,3.91,0,2,2,12,6.00,0,0,0,0,,,6,7.5,7.5,6.5,,111,,WillDa05
415,DeAndre Carter,LVR,WR,30,14,1,0,0,0,0,0,3,18,6.00,0,6,3,36,12.00,0,1,0,0,,,5,8.4,8.4,6.9,,167,,CartDe02
416,Brian Hoyer,LVR,QB,38,3,1,23,42,231,0,2,3,-3,-1.00,0,0,0,0,,0,0,0,0,,,5,4.9,6.9,6.9,,57,,HoyeBr00
417,Lucas Krull,DEN,TE,25,4,1,0,0,0,0,0,0,0,,0,6,2,53,26.50,0,0,0,0,,,5,7.3,7.3,6.3,,82,,KrulLu00
418,Ty Montgomery,NWE,WR,30,13,0,0,0,0,0,0,3,9,3.00,0,12,5,40,8.00,0,0,0,0,,,5,9.9,9.9,7.4,,168,,MontTy01
419,Johnny Mundt,MIN,TE,29,14,0,0,0,0,0,0,0,0,,0,7,7,52,7.43,0,0,0,0,,,5,12.2,12.2,8.7,,84,,MundJo00
420,Patrick Ricard,BAL,FB,29,14,8,0,0,0,0,0,0,0,,0,5,4,48,12.00,0,0,0,0,,,5,8.8,8.8,6.8,,112,,RicaPa00
421,Brett Rypien,LAR,QB,27,2,1,18,38,172,0,1,3,19,6.33,0,0,0,0,,0,2,1,0,,,5,4.8,6.8,5.8,,58,,RypiBr00
422,Mike Strachan,CAR,WR,26,4,1,0,0,0,0,0,0,0,,0,3,1,45,45.00,0,0,0,0,,,5,5.5,5.5,5.0,,170,,StraMi03
423,Ian Thomas,CAR,TE,27,9,5,0,0,0,0,0,0,0,,0,6,4,51,12.75,0,0,0,0,,,5,9.1,9.1,7.1,,85,,ThomIa00
424,Darnell Washington,PIT,TE,22,14,6,0,0,0,0,0,0,0,,0,9,6,53,8.83,0,0,0,0,,,5,11.3,11.3,8.3,,83,,WashDa03
425,Quez Watkins,PHI,WR,25,7,4,0,0,0,0,0,0,0,,0,10,7,49,7.00,0,0,0,0,,,5,11.9,11.9,8.4,,169,,WatkQu00
426,Mitchell Wilcox,CIN,TE,27,14,2,0,0,0,0,0,0,0,,0,10,8,50,6.25,0,0,0,0,,,5,13.0,13.0,9.0,,86,,WilcMi01
427,C.J. Beathard,JAX,QB,30,5,0,12,14,77,0,0,4,5,1.25,0,0,0,0,,0,1,0,0,,,4,3.6,3.6,3.6,,60,,BeatC.00
428,Tim Jones,JAX,WR,25,14,1,0,0,0,0,0,0,0,,0,10,7,44,6.29,0,0,0,0,,,4,11.4,11.4,7.9,,171,,JoneTi00
429,Equanimeous St. Brown,CHI,WR,27,5,0,0,0,0,0,0,0,0,,0,5,4,44,11.00,0,0,0,0,,,4,8.4,8.4,6.4,,172,,St.BEq00
430,Ke'Shawn Vaughn,TAM,RB,26,6,0,0,0,0,0,0,24,42,1.75,0,5,2,2,1.00,0,0,0,0,,,4,6.4,6.4,5.4,,113,,VaugKe00
431,Mike White,MIA,QB,28,5,0,5,6,74,1,1,7,-9,-1.29,0,0,0,0,,0,0,0,0,,,4,4.1,5.1,5.1,,59,,WhitMi01
432,Israel Abanikanda,NYJ,RB,21,3,0,0,0,0,0,0,8,18,2.25,0,4,3,16,5.33,0,0,0,0,,,3,6.4,6.4,4.9,,114,,AbanIs00
433,Khari Blasingame,CHI,FB,27,13,1,0,0,0,0,0,8,26,3.25,0,5,3,2,0.67,0,0,0,0,,,3,5.8,5.8,4.3,,119,,BlasKh00
434,Michael Burton,DEN,FB,31,14,2,0,0,0,0,0,6,9,1.50,0,2,2,4,2.00,0,0,0,0,1,,3,5.3,5.3,4.3,,116,,BurtMi00
435,Greg Dulcich,DEN,TE,23,2,1,0,0,0,0,0,0,0,,0,4,3,25,8.33,0,0,0,0,,,3,5.5,5.5,4.0,,93,,DulcGr00
436,Payne Durham,TAM,TE,23,10,2,0,0,0,0,0,0,0,,0,6,4,33,8.25,0,0,0,0,,,3,7.3,7.3,5.3,,87,,DurhPa00
437,Devin Duvernay,BAL,WR,26,13,1,0,0,0,0,0,4,15,3.75,0,9,4,18,4.50,0,0,0,0,,,3,7.3,7.3,5.3,,174,,DuveDe00
438,Eric Gray,NYG,RB,24,10,0,0,0,0,0,0,13,27,2.08,0,5,4,7,1.75,0,3,0,0,,,3,7.4,7.4,5.4,,115,,GrayEr01
439,Jaren Hall,MIN,QB,25,2,1,8,10,101,0,0,4,10,2.50,0,0,0,0,,0,1,1,0,,,3,3.0,4.0,3.0,,62,,HallJa00
440,C.J. Ham,MIN,FB,30,14,4,0,0,0,0,0,1,7,7.00,0,8,6,19,3.17,0,0,0,0,,,3,8.6,8.6,5.6,,120,,HamxC.00
441,Mecole Hardman,2TM,WR,25,9,1,0,0,0,0,0,1,3,3.00,0,13,9,47,5.22,0,1,1,0,,,3,12.0,13.0,7.5,,176,,HardMe00
442,Brycen Hopkins,LAR,TE,26,12,0,0,0,0,0,0,0,0,,0,4,3,31,10.33,0,0,0,0,,,3,6.1,6.1,4.6,,89,,HopkBr01
443,Trishton Jackson,MIN,WR,25,7,0,0,0,0,0,0,0,0,,0,4,2,9,4.50,0,0,0,0,1,,3,4.9,4.9,3.9,,177,,JackTr02
444,Charlie Kolar,BAL,TE,24,12,2,0,0,0,0,0,0,0,,0,3,2,28,14.00,0,0,0,0,,,3,4.8,4.8,3.8,,90,,KolaCh00
445,Marcedes Lewis,CHI,TE,39,14,3,0,0,0,0,0,0,0,,0,4,3,28,9.33,0,0,0,0,,,3,5.8,5.8,4.3,,91,,LewiMa00
446,Jalen Nailor,MIN,WR,24,6,1,0,0,0,0,0,0,0,,0,6,3,29,9.67,0,0,0,0,,,3,5.9,5.9,4.4,,178,,NailJa00
447,Teagan Quitoriano,HOU,TE,23,7,5,0,0,0,0,0,0,0,,0,3,2,33,16.50,0,0,0,0,,,3,5.3,5.3,4.3,,88,,QuitTe00
448,Jalen Reagor,NWE,WR,24,8,1,0,0,0,0,0,0,0,,0,13,3,33,11.00,0,0,0,0,,,3,6.3,6.3,4.8,,175,,ReagJa00
449,Justyn Ross,KAN,WR,24,7,0,0,0,0,0,0,0,0,,0,6,3,34,11.33,0,0,0,0,,,3,6.4,6.4,4.9,,173,,RossJu00
450,Steven Sims,HOU,WR,26,3,0,0,0,0,0,0,1,1,1.00,0,3,3,25,8.33,0,0,0,0,,,3,5.6,5.6,4.1,,179,,SimsSt00
451,Keith Smith,ATL,FB,31,13,6,0,0,0,0,0,0,0,,0,3,3,33,11.00,0,0,0,0,,,3,6.3,6.3,4.8,,117,,SmitKe03
452,Jack Stoll,PHI,TE,25,14,8,0,0,0,0,0,0,0,,0,7,4,27,6.75,0,0,0,0,,,3,6.7,6.7,4.7,,92,,StolJa00
453,Sean Tucker,TAM,RB,22,11,0,0,0,0,0,0,15,23,1.53,0,2,2,9,4.50,0,0,0,0,,,3,5.2,5.2,4.2,,118,,TuckSe00
454,Malik Willis,TEN,QB,24,3,0,4,5,74,0,0,5,21,4.20,0,0,0,0,,0,1,1,0,,,3,3.1,4.1,3.1,,61,,WillMa12
455,Nate Adkins,DEN,TE,24,8,1,0,0,0,0,0,0,0,,0,5,4,22,5.50,0,0,0,0,,,2,6.2,6.2,4.2,,94,,AdkiNa00
456,Kayshon Boutte,NWE,WR,21,3,0,0,0,0,0,0,0,0,,0,7,2,19,9.50,0,0,0,0,,,2,3.9,3.9,2.9,,182,,BoutKa00
457,Jason Brownlee,NYJ,WR,24,4,2,0,0,0,0,0,0,0,,0,2,2,20,10.00,0,0,0,0,,,2,4.0,4.0,3.0,,181,,BrowJa07
458,DeeJay Dallas,SEA,RB,25,14,0,0,0,0,0,0,9,34,3.78,0,9,6,26,4.33,0,2,2,0,,,2,8.0,10.0,5.0,,126,,DallDe00
459,Tyrion Davis-Price,SFO,RB,23,1,0,0,0,0,0,0,6,21,3.50,0,0,0,0,,0,0,0,0,,,2,2.1,2.1,2.1,,124,,DaviTy03
460,Elijah Dotson,LAC,RB,24,4,0,0,0,0,0,0,4,6,1.50,0,2,2,13,6.50,0,0,0,0,,,2,3.9,3.9,2.9,,127,,DotsEl00
461,Zach Evans,LAR,RB,22,9,0,0,0,0,0,0,8,16,2.00,0,0,0,0,,0,0,0,0,,,2,1.6,1.6,1.6,,128,,EvanZa00
462,Erik Ezukanma,MIA,WR,23,2,0,0,0,0,0,0,5,22,4.40,0,1,0,0,,0,0,0,0,,,2,2.2,2.2,2.2,,180,,EzukEr00
463,Jake Funk,IND,RB,25,4,0,0,0,0,0,0,2,10,5.00,0,1,1,12,12.00,0,0,0,0,,,2,3.2,3.2,2.7,,122,,FunkJa00
464,Derrick Gore,WAS,RB,29,3,0,0,0,0,0,0,2,23,11.50,0,0,0,0,,0,0,0,0,,,2,2.3,2.3,2.3,,121,,GoreDe00
465,Julian Hill,MIA,TE,23,12,2,0,0,0,0,0,0,0,,0,6,4,37,9.25,0,1,1,0,,,2,5.7,6.7,3.7,,96,,HillJu02
466,Richie James,KAN,WR,28,6,0,0,0,0,0,0,0,0,,0,8,4,39,9.75,0,1,1,0,,,2,5.9,6.9,3.9,,183,,JameRi00
467,Marvin Jones,DET,WR,33,6,4,0,0,0,0,0,0,0,,0,10,5,35,7.00,0,1,1,0,,,2,6.5,7.5,4.0,,185,,JoneMa02
468,Zonovan Knight,DET,RB,22,2,0,0,0,0,0,0,3,13,4.33,0,1,1,8,8.00,0,0,0,0,,,2,3.1,3.1,2.6,,125,,KnigZo00
469,Chris Manhertz,DEN,TE,31,14,4,0,0,0,0,0,0,0,,0,4,2,16,8.00,0,0,0,0,,,2,3.6,3.6,2.6,,97,,ManhCh00
470,Zach Pascal,ARI,WR,29,11,1,0,0,0,0,0,0,0,,0,15,4,19,4.75,0,0,0,0,,,2,5.9,5.9,3.9,,184,,PascZa00
471,Rashaad Penny,PHI,RB,27,2,0,0,0,0,0,0,5,17,3.40,0,1,1,5,5.00,0,0,0,0,,,2,3.2,3.2,2.7,,123,,PennRa00
472,Cooper Rush,DAL,QB,30,6,0,15,20,114,0,1,12,-5,-0.42,0,0,0,0,,0,0,0,0,,,2,2.1,3.1,3.1,,63,,RushCo00
473,Trevon Wesco,TEN,TE,28,14,10,0,0,0,0,0,0,0,,0,3,1,21,21.00,0,0,0,0,,,2,3.1,3.1,2.6,,95,,WescTr00
474,Miles Boykin,PIT,WR,27,14,0,0,0,0,0,0,0,0,,0,3,2,11,5.50,0,0,0,0,,,1,3.1,3.1,2.1,,187,,BoykMi00
475,Jashaun Corbin,NYG,RB,23,3,0,0,0,0,0,0,1,1,1.00,0,3,3,12,4.00,0,0,0,0,,,1,4.3,4.3,2.8,,129,,CorbJa01
476,Kenyan Drake,2TM,RB,29,3,0,0,0,0,0,0,2,0,0.00,0,3,2,31,15.50,0,1,1,0,,,1,3.1,4.1,2.1,,133,,DrakKe00
477,Ross Dwelley,SFO,TE,28,12,0,0,0,0,0,0,0,0,,0,2,1,12,12.00,0,0,0,0,,,1,2.2,2.2,1.7,,98,,DwelRo00
478,D'Wayne Eskridge,SEA,WR,26,4,0,0,0,0,0,0,2,5,2.50,0,1,0,0,,0,0,0,0,,,1,0.5,0.5,0.5,,192,,EskrDW00
479,Chris Evans,CIN,RB,26,8,0,0,0,0,0,0,2,12,6.00,0,1,1,-1,-1.00,0,0,0,0,,,1,2.1,2.1,1.6,,134,,EvanCh02
480,Tucker Fisk,ATL,TE,24,3,1,0,0,0,0,0,0,0,,0,1,1,9,9.00,0,0,0,0,,,1,1.9,1.9,1.4,,100,,FiskTu00
481,Peyton Hendershot,DAL,TE,24,5,0,0,0,0,0,0,1,0,0.00,0,3,2,8,4.00,0,0,0,0,,,1,2.8,2.8,1.8,,101,,HendPe01
482,Evan Hull,IND,RB,23,1,0,0,0,0,0,0,1,1,1.00,0,1,1,6,6.00,0,0,0,0,,,1,1.7,1.7,1.2,,136,,HullEv00
483,Jakob Johnson,LVR,FB,29,10,4,0,0,0,0,0,0,0,,0,2,1,12,12.00,0,0,0,0,,,1,2.2,2.2,1.7,,132,,JohnJa12
484,Marcus Mariota,PHI,QB,30,2,0,2,3,16,0,0,2,6,3.00,0,0,0,0,,0,0,0,0,,,1,1.2,1.2,1.2,,64,,MariMa01
485,Anthony McFarland Jr.,PIT,RB,24,3,0,0,0,0,0,0,0,0,,0,2,2,11,5.50,0,0,0,0,,,1,3.1,3.1,2.1,,135,,McFaAn00
486,Bo Melton,GNB,WR,24,2,0,0,0,0,0,0,0,0,,0,2,1,7,7.00,0,0,0,0,,,1,1.7,1.7,1.2,,191,,MeltBo00
487,Davis Mills,HOU,QB,25,4,0,3,7,24,0,0,0,0,,0,0,0,0,,0,0,0,0,,,1,1.0,1.0,1.0,,65,,MillDa02
488,Kene Nwangwu,MIN,RB,25,6,0,0,0,0,0,0,5,13,2.60,0,0,0,0,,0,0,0,0,,,1,1.3,1.3,1.3,,130,,NwanKe00
489,Devine Ozigbo,DET,RB,27,3,0,0,0,0,0,0,3,5,1.67,0,1,1,8,8.00,0,0,0,0,,,1,2.3,2.3,1.8,,131,,OzigDe01
490,Eric Saubert,2TM,TE,29,7,0,0,0,0,0,0,0,0,,0,1,1,5,5.00,0,0,0,0,,,1,1.5,1.5,1.0,,102,,SaubEr00
491,Willie Snead,SFO,WR,31,3,0,0,0,0,0,0,0,0,,0,1,1,9,9.00,0,0,0,0,,,1,1.9,1.9,1.4,,189,,SneaWi00
492,Malik Taylor,NYJ,WR,28,3,0,0,0,0,0,0,0,0,,0,4,2,13,6.50,0,0,0,0,,,1,3.3,3.3,2.3,,186,,TaylMa01
493,Cody Thompson,SEA,WR,27,7,0,0,0,0,0,0,0,0,,0,1,1,10,10.00,0,0,0,0,,,1,2.0,2.0,1.5,,188,,ThomCo04
494,Austin Trammell,LAR,WR,25,13,0,0,0,0,0,0,0,0,,0,7,4,29,7.25,0,3,1,0,,,1,4.9,5.9,2.9,,190,,TramAu00
495,Charlie Woerner,SFO,TE,26,14,1,0,0,0,0,0,0,0,,0,2,2,12,6.00,0,0,0,0,,,1,3.2,3.2,2.2,,99,,WoerCh00
496,Devon Allen,PHI,WR,29,2,0,0,0,0,0,0,0,0,,0,0,0,0,,0,0,0,0,,,,,,,,195,,AlleDe02
497,Stephen Anderson,LAC,TE,30,3,0,0,0,0,0,0,0,0,,0,0,0,0,,0,0,0,0,,,,,,,,104,,AndeSt01
498,Alex Armah,WAS,RB,29,5,0,0,0,0,0,0,0,0,,0,2,2,3,1.50,0,0,0,0,,,,2.3,2.3,1.3,,137,,ArmaAl00
499,Andre Baccellia,ARI,WR,26,5,0,0,0,0,0,0,0,0,,0,0,0,0,,0,0,0,0,,,,,,,,196,,BaccAn00
500,Nick Bellore,SEA,FB,34,13,0,0,0,0,0,0,0,0,,0,0,0,0,,0,0,0,0,,,,,,,,141,,BellNi01
501,Teddy Bridgewater,DET,QB,31,1,0,0,0,0,0,0,2,-2,-1.00,0,0,0,0,,0,0,0,0,,,,-0.2,-0.2,-0.2,,77,,BridTe00
502,Matt Bushman,KAN,TE,28,1,0,0,0,0,0,0,0,0,,0,0,0,0,,0,0,0,0,,,,,,,,105,,BushMa00
503,Terrell Bynum,LAC,WR,25,1,0,0,0,0,0,0,0,0,,0,0,0,0,,0,0,0,0,,,,,,,,197,,BynuTe00
504,Damiere Byrd,ATL,WR,30,1,0,0,0,0,0,0,0,0,,0,2,0,0,,0,0,0,0,,,,,,,,198,,ByrdDa00
505,Jason Cabinda,DET,FB,27,3,0,0,0,0,0,0,1,0,0.00,0,0,0,0,,0,0,0,0,,,,,,,,142,,CabiJa00
506,Grant Calcaterra,PHI,TE,25,12,1,0,0,0,0,0,0,0,,0,0,0,0,,0,0,0,0,,,,,,,,106,,CalcGr00
507,Marquez Callaway,NOR,WR,25,3,0,0,0,0,0,0,0,0,,0,0,0,0,,0,0,0,0,,,,,,,,199,,CallMa01
508,Stephen Carlson,CHI,TE,27,1,0,0,0,0,0,0,0,0,,0,0,0,0,,0,0,0,0,,,,,,,,107,,CarlSt00
509,Irvin Charles,NYJ,WR,26,9,0,0,0,0,0,0,0,0,,0,0,0,0,,0,0,0,0,,,,,,,,200,,CharIr00
510,Julius Chestnut,TEN,RB,23,3,0,0,0,0,0,0,0,0,,0,0,0,0,,0,0,0,0,,,,,,,,143,,ChesJu00
511,Dan Chisena,ARI,WR,26,1,0,0,0,0,0,0,0,0,,0,0,0,0,,0,0,0,0,,,,,,,,201,,ChisDa00
512,Corey Clement,ARI,RB,29,3,0,0,0,0,0,0,0,0,,0,0,0,0,,0,0,0,0,,,,,,,,144,,ClemCo00
513,Sean Clifford,GNB,QB,25,1,0,0,0,0,0,0,1,0,0.00,0,0,0,0,,0,1,0,0,,,,,,,,69,,ClifSe00
514,Chris Conley,SFO,WR,31,5,0,0,0,0,0,0,0,0,,0,0,0,0,,0,0,0,0,,,,,,,,202,,ConlCh00
515,Tanner Conner,MIA,TE,25,3,0,0,0,0,0,0,0,0,,0,0,0,0,,0,0,0,0,,,,,,,,108,,ConnTa00
516,Elijah Cooks,JAX,WR,25,6,0,0,0,0,0,0,0,0,,0,1,0,0,,0,0,0,0,,,,,,,,203,,CookEl00
517,Britain Covey,PHI,WR,26,14,0,0,0,0,0,0,0,0,,0,0,0,0,,0,1,0,0,,,,,,,,204,,CoveBr00
518,Malik Cunningham,NWE,QB,25,1,0,0,0,0,0,0,0,0,,0,0,0,0,,0,0,0,0,,,,,,,,70,,CunnMa00
519,Darrell Daniels,DET,TE,29,3,0,0,0,0,0,0,0,0,,0,0,0,0,,0,0,0,0,,,,,,,,109,,DaniDa02
520,Frank Darby,ATL,WR,26,1,0,0,0,0,0,0,0,0,,0,0,0,0,,0,0,0,0,,,,,,,,205,,DarbFr00
521,Jaelon Darden,CLE,WR,24,1,0,0,0,0,0,0,0,0,,0,0,0,0,,0,0,0,0,,,,,,,,206,,DardJa00
522,Sam Darnold,SFO,QB,26,7,0,4,6,27,0,0,11,-11,-1.00,0,0,0,0,,0,0,0,0,,,,,,,,73,,DarnSa00
523,Malik Davis,DAL,RB,25,2,0,0,0,0,0,0,0,0,,0,0,0,0,,0,0,0,0,,,,,,,,145,,DaviMa02
524,Phillip Dorsett,DEN,WR,30,1,0,0,0,0,0,0,0,0,,0,1,0,0,,0,0,0,0,,,,,,,,207,,DorsPh00
525,Keelan Doss,LAC,WR,27,3,0,0,0,0,0,0,0,0,,0,0,0,0,,0,0,0,0,,,,,,,,208,,DossKe00
526,Colton Dowell,TEN,WR,24,8,0,0,0,0,0,0,0,0,,0,1,0,0,,0,0,0,0,,,,,,,,209,,DoweCo00
527,Dylan Drummond,DET,WR,23,1,0,0,0,0,0,0,0,0,,0,0,0,0,,0,0,0,0,,,,,,,,210,,DrumDy00
528,Sam Ehlinger,IND,QB,25,1,0,0,0,0,0,0,0,0,,0,0,0,0,,0,0,0,0,,,,,,,,71,,EhliSa00
529,Princeton Fant,DAL,TE,24,2,0,0,0,0,0,0,0,0,,0,0,0,0,,0,0,0,0,,,,,,,,110,,FantPr00
530,Ethan Fernea,IND,WR,25,1,0,0,0,0,0,0,0,0,,0,0,0,0,,0,0,0,0,,,,,,,,211,,FernEt00
531,Dez Fitzpatrick,PIT,WR,26,1,0,0,0,0,0,0,0,0,,0,0,0,0,,0,0,0,0,,,,,,,,212,,FitzDe00
532,John FitzPatrick,ATL,TE,23,8,0,0,0,0,0,0,0,0,,0,0,0,0,,0,0,0,0,,,,,,,,111,,FitzJo00
533,Myles Gaskin,2TM,RB,26,3,0,0,0,0,0,0,0,0,,0,0,0,0,,0,0,0,0,,,,,,,,146,,GaskMy00
534,Reggie Gilliam,BUF,FB,26,14,0,0,0,0,0,0,0,0,,0,1,1,3,3.00,0,0,0,0,,,,1.3,1.3,0.8,,138,,GillRe00
535,Antoine Green,DET,WR,24,8,0,0,0,0,0,0,0,0,,0,2,1,2,2.00,0,0,0,0,,,,1.2,1.2,0.7,,193,,GreeAn00
536,Jacob Harris,JAX,WR,26,2,0,0,0,0,0,0,0,0,,0,0,0,0,,0,0,0,0,,,,,,,,213,,HarrJa03
537,N'Keal Harry,MIN,WR,26,9,0,0,0,0,0,0,0,0,,0,0,0,0,,0,0,0,0,,,,,,,,214,,HarrNK00
538,Jamycal Hasty,2TM,RB,27,4,0,0,0,0,0,0,0,0,,0,2,0,0,,0,0,0,0,,,,,,,,147,,HastJa02
539,Parker Hesse,ATL,TE,28,3,0,0,0,0,0,0,0,0,,0,0,0,0,,0,0,0,0,,,,,,,,112,,HessPa00
540,J.P. Holtz,NOR,TE,30,1,0,0,0,0,0,0,0,0,,0,0,0,0,,0,0,0,0,,,,,,,,113,,HoltJ.01
541,Travis Homer,CHI,RB,25,13,0,0,0,0,0,0,0,0,,0,1,0,0,,0,0,0,0,,,,,,,,148,,HomeTr00
542,Jesper Horsted,LVR,TE,26,13,0,0,0,0,0,0,0,0,,0,1,1,4,4.00,0,0,0,0,,,,1.4,1.4,0.9,,103,,HorsJe00
543,Mohamed Ibrahim,DET,RB,25,1,0,0,0,0,0,0,0,0,,0,0,0,0,,0,0,0,0,,,,,,,,149,,IbraMo00
544,Godwin Igwebuike,2TM,RB,29,9,0,0,0,0,0,0,0,0,,0,0,0,0,,0,0,0,0,,,,,,,,150,,IgweGo00
545,Andy Isabella,BUF,WR,27,2,0,0,0,0,0,0,0,0,,0,0,0,0,,0,0,0,0,,,,,,,,215,,IsabAn00
546,Kearis Jackson,TEN,WR,24,2,0,0,0,0,0,0,0,0,,0,0,0,0,,0,0,0,0,,,,,,,,216,,JackKe02
547,Shedrick Jackson,CIN,WR,24,2,0,0,0,0,0,0,0,0,,0,1,0,0,,0,0,0,0,,,,,,,,217,,JackSh01
548,Tyree Jackson,NYG,TE,26,2,1,0,0,0,0,0,0,0,,0,0,0,0,,0,0,0,0,,,,,,,,114,,JackTy01
549,Taiwan Jones,NYG,RB,35,2,0,0,0,0,0,0,0,0,,0,0,0,0,,0,0,0,0,,,,,,,,151,,JoneTa00
550,Hunter Kampmoyer,LAC,TE,25,1,0,0,0,0,0,0,0,0,,0,0,0,0,,0,0,0,0,,,,,,,,115,,KampHu00
551,Dalton Keene,HOU,TE,24,1,0,0,0,0,0,0,0,0,,0,0,0,0,,0,0,0,0,,,,,,,,116,,KeenDa00
552,Mason Kinsey,TEN,WR,25,3,0,0,0,0,0,0,0,0,,0,0,0,0,,0,0,0,0,,,,,,,,218,,KinsMa00
553,Tyler Kroft,MIA,TE,31,8,0,0,0,0,0,0,0,0,,0,0,0,0,,0,0,0,0,,,,,,,,117,,KrofTy00
554,Kwamie Lassiter II,CIN,WR,25,1,0,0,0,0,0,0,0,0,,0,1,1,2,2.00,0,0,0,0,,,,1.2,1.2,0.7,,194,,LassKw00
555,Hunter Long,LAR,TE,25,4,1,0,0,0,0,0,0,0,,0,0,0,0,,0,0,0,0,,,,,,,,118,,LongHu00
556,Jordan Matthews,CAR,TE,31,1,0,0,0,0,0,0,0,0,,0,0,0,0,,0,0,0,0,,,,,,,,119,,MattJo00
557,A.J. McCarron,CIN,QB,33,1,0,1,1,-1,0,0,0,0,,0,0,0,0,,0,0,0,0,,,,,,,,74,,McCaA.00
558,Kenny McIntosh,SEA,RB,23,3,0,0,0,0,0,0,0,0,,0,0,0,0,,0,0,0,0,,,,,,,,152,,McInKe00
559,Sean McKeon,DAL,TE,26,9,0,0,0,0,0,0,0,0,,0,2,0,0,,0,0,0,0,,,,,,,,120,,McKeSe01
560,Tre' McKitty,LAC,TE,24,6,0,0,0,0,0,0,0,0,,0,0,0,0,,0,0,0,0,,,,,,,,121,,McKiTr00
561,Jeremy McNichols,SFO,RB,28,1,0,0,0,0,0,0,0,0,,0,0,0,0,,0,0,0,0,,,,,,,,153,,McNiJe00
562,Kirk Merritt,NOR,WR,26,1,0,0,0,0,0,0,0,0,,0,0,0,0,,0,0,0,0,,,,,,,,219,,MerrKi00
563,Ryan Miller,TAM,WR,23,1,0,0,0,0,0,0,0,0,,0,0,0,0,,0,0,0,0,,,,,,,,220,,MillRy01
564,Jordan Mims,NOR,RB,24,1,0,0,0,0,0,0,0,0,,0,0,0,0,,0,0,0,0,,,,,,,,154,,MimsJo00
565,James Mitchell,DET,TE,24,12,0,0,0,0,0,0,0,0,,0,0,0,0,,0,0,0,0,,,,,,,,122,,MitcJa00
566,Stanley Morgan Jr.,CIN,WR,27,2,0,0,0,0,0,0,0,0,,0,0,0,0,,0,0,0,0,,,,,,,,221,,MorgSt02
567,Albert Okwuegbunam,PHI,TE,25,4,0,0,0,0,0,0,0,0,,0,1,0,0,,0,0,0,0,,,,,,,,123,,OkwuAl00
568,Qadree Ollison,PIT,RB,27,2,0,0,0,0,0,0,0,0,,0,0,0,0,,0,0,0,0,,,,,,,,155,,OlliQa00
569,Henry Pearson,GNB,FB,24,2,0,0,0,0,0,0,0,0,,0,0,0,0,,0,0,0,0,,,,,,,,156,,PearHe00
570,Josh Pederson,JAX,TE,26,3,0,0,0,0,0,0,0,0,,0,0,0,0,,0,0,0,0,,,,,,,,124,,PedeJo00
571,La'Mical Perine,KAN,RB,25,2,0,0,0,0,0,0,1,1,1.00,0,1,0,0,,0,0,0,0,,,,0.1,0.1,0.1,,140,,PeriLa00
572,Nathan Peterman,CHI,QB,29,1,0,0,0,0,0,0,2,-4,-2.00,0,0,0,0,,0,1,0,0,,,,-0.4,-0.4,-0.4,,78,,PeteNa00
573,Deneric Prince,KAN,RB,23,2,0,0,0,0,0,0,0,0,,0,0,0,0,,0,0,0,0,,,,,,,,157,,PrinDe00
574,Kevin Rader,TEN,TE,28,11,0,0,0,0,0,0,0,0,,0,0,0,0,,0,0,0,0,,,,,,,,125,,RadeKe00
575,Giovanni Ricci,CAR,FB,27,5,0,0,0,0,0,0,0,0,,0,1,1,2,2.00,0,0,0,0,,,,1.2,1.2,0.7,,139,,RiccGi00
576,James Robinson,GNB,RB,25,1,0,0,0,0,0,0,1,2,2.00,0,1,1,-2,-2.00,0,0,0,0,,,,1.0,1.0,0.5,,158,,RobiJa00
577,Aaron Rodgers,NYJ,QB,40,1,1,0,1,0,0,0,0,0,,0,0,0,0,,0,0,0,0,,,,,,,,72,,RodgAa00
578,Amari Rodgers,IND,WR,24,3,0,0,0,0,0,0,0,0,,0,2,0,0,,0,0,0,0,,,,,,,,222,,RodgAm00
579,Mason Rudolph,PIT,QB,28,1,0,2,3,3,0,0,0,0,,0,0,0,0,,0,0,0,0,,,,0.1,0.1,0.1,,66,,RudoMa00
580,Brady Russell,SEA,TE,25,12,0,0,0,0,0,0,0,0,,0,0,0,0,,0,0,0,0,,,,,,,,126,,RussBr00
581,Trevor Siemian,NYJ,QB,32,2,0,19,39,176,0,2,1,8,8.00,0,0,0,0,,0,4,2,0,,,,-0.2,3.8,1.8,,76,,SiemTr00
582,David Sills,DEN,WR,27,3,1,0,0,0,0,0,0,0,,0,0,0,0,,0,0,0,0,,,,,,,,223,,SillDa01
583,Matthew Slater,NWE,WR,38,14,0,0,0,0,0,0,0,0,,0,0,0,0,,0,0,0,0,,,,,,,,224,,SlatMa00
584,Tre'Quan Smith,DEN,WR,27,1,0,0,0,0,0,0,0,0,,0,0,0,0,,0,0,0,0,,,,,,,,225,,SmitTr03
585,Jarrett Stidham,DEN,QB,27,1,0,0,0,0,0,0,0,0,,0,0,0,0,,0,0,0,0,,,,,,,,68,,StidJa00
586,SaRodorick Thompson,SEA,RB,24,1,0,0,0,0,0,0,0,0,,0,0,0,0,,0,0,0,0,,,,,,,,159,,ThomSa00
587,Mitchell Tinsley,WAS,WR,24,1,0,0,0,0,0,0,0,0,,0,0,0,0,,0,0,0,0,,,,,,,,226,,TinsMi00
588,Noah Togiai,PHI,TE,26,1,0,0,0,0,0,0,0,0,,0,0,0,0,,0,0,0,0,,,,,,,,127,,TogiNo00
589,Kyle Trask,TAM,QB,25,2,0,0,1,0,0,0,1,-1,-1.00,0,0,0,0,,0,0,0,0,,,,-0.1,-0.1,-0.1,,75,,TrasKy00
590,Laquon Treadwell,BAL,WR,28,2,0,0,0,0,0,0,0,0,,0,0,0,0,,0,0,0,0,,,,,,,,227,,TreaLa00
591,DJ Turner,LVR,WR,26,7,0,0,0,0,0,0,0,0,,0,0,0,0,,0,0,0,0,,,,,,,,228,,TurnDJ00
592,Nick Vannett,LAC,TE,30,5,4,0,0,0,0,0,0,0,,0,0,0,0,,0,0,0,0,,,,,,,,128,,VannNi00
593,Jonathan Ward,TEN,RB,26,4,0,0,0,0,0,0,0,0,,0,0,0,0,,0,0,0,0,,,,,,,,160,,WardJo00
594,Dwayne Washington,DEN,RB,29,12,0,0,0,0,0,0,0,0,,0,0,0,0,,0,0,0,0,,,,,,,,161,,WashDw00
595,Montrell Washington,KAN,WR,24,5,0,0,0,0,0,0,0,0,,0,0,0,0,,0,2,0,0,,,,,,,,229,,WashMo00
596,Carson Wentz,LAR,QB,31,1,0,0,0,0,0,0,0,0,,0,0,0,0,,0,0,0,0,,,,,,,,67,,WentCa00
597,Blake Whiteheart,ARI,TE,23,1,0,0,0,0,0,0,0,0,,0,0,0,0,,0,0,0,0,,,,,,,,129,,WhitBl01
598,Kristian Wilkerson,LVR,WR,26,2,1,0,0,0,0,0,0,0,,0,0,0,0,,0,0,0,0,,,,,,,,230,,WilkKr00
599,Brayden Willis,SFO,TE,24,4,0,0,0,0,0,0,0,0,,0,0,0,0,,0,0,0,0,,,,,,,,130,,WillBr06
600,Jonathan Williams,WAS,RB,29,1,0,0,0,0,0,0,1,-2,-2.00,0,1,0,0,,0,0,0,0,,,,-0.2,-0.2,-0.2,,163,,WillJo07
601,Rodney Williams,PIT,TE,25,10,0,0,0,0,0,0,0,0,,0,2,0,0,,0,0,0,0,,,,,,,,131,,WillRo08
602,Juwann Winfree,IND,WR,27,7,1,0,0,0,0,0,0,0,,0,1,0,0,,0,0,0,0,,,,,,,,231,,WinfJu00
603,Easop Winston,SEA,WR,27,1,0,0,0,0,0,0,0,0,,0,0,0,0,,0,0,0,0,,,,,,,,232,,WinsEa00
604,Owen Wright,BAL,RB,24,1,0,0,0,0,0,0,0,0,,0,0,0,0,,0,0,0,0,,,,,,,,162,,WrigOw00
605,Kenny Yeboah,NYJ,TE,25,2,0,0,0,0,0,0,0,0,,0,0,0,0,,0,0,0,0,,,,,,,,132,,YeboKe00
606,Dareke Young,SEA,WR,24,3,0,0,0,0,0,0,0,0,,0,0,0,0,,0,0,0,0,,,,,,,,233,,YounDa02
607,Kyle Allen,BUF,QB,27,6,0,0,0,0,0,0,11,-11,-1.00,0,0,0,0,,0,0,0,0,,,-1,-1.1,-1.1,-1.1,,79,,AlleKy00
608,Deon Jackson,3TM,RB,24,4,1,0,0,0,0,0,14,16,1.14,0,6,5,14,2.80,0,2,2,0,,,-1,4.0,6.0,1.5,,164,,JackDe02
609,Adam Prentice,NOR,FB,26,10,1,0,0,0,0,0,1,5,5.00,0,2,1,5,5.00,0,1,1,0,,,-1,,1.0,-0.5,,165,,PrenAd00
610,David Wells,TAM,TE,28,4,0,0,0,0,0,0,0,0,,0,2,2,-10,-5.00,0,1,0,0,,,-1,1.0,1.0,,,133,,WellDa00
611,James Proche,CLE,WR,27,7,0,0,0,0,0,0,0,0,,0,1,0,0,,0,1,1,0,,,-2,-2.0,-1.0,-2.0,,234,,ProcJa00
612,Trent Taylor,CHI,WR,29,14,0,0,0,0,0,0,1,-2,-2.00,0,2,0,0,,0,2,1,0,,,-2,-2.2,-1.2,-2.2,,235,,TaylTr02
613,Blaine Gabbert,KAN,QB,34,1,0,3,5,31,0,2,2,-1,-0.50,0,0,0,0,,0,0,0,0,,,-3,-2.9,-0.9,-0.9,,80,,GabbBl00
614,Gunner Olszewski,2TM,WR,27,9,0,0,0,0,0,0,0,0,,0,1,1,0,0.00,0,3,2,0,,,-4,-3.0,-1.0,-3.5,,236,,OlszGu00
